Top pages,Clicks,Impressions,CTR,Position
https://hbno.com/,8348,81146,0.10289999999999999,9.69
https://hbno.com/blogs/news/castor-oil-on-feet-overnight-benefits-and-how-to-use-it-for-care,2746,145926,0.018799999999999997,4.91
https://hbno.com/blogs/news/benefits-and-risks-of-using-castor-oil-in-the-nose,1939,40459,0.0479,6.17
https://hbno.com/blogs/news/best-carrier-oils-for-castor-oil-for-skin-hair-face,1805,105921,0.017,5.98
https://hbno.com/blogs/news/castor-oil-for-ears-clean-unclog-and-remove-ear-wax,1639,105778,0.0155,7.36
https://hbno.com/blogs/news/castor-oil-coconut-oil-a-unique-and-versatile-combination,652,44136,0.0148,6.89
https://hbno.com/collections/essential-oils,624,50089,0.0125,7.0
https://hbno.com/products/black-seed-oil-organic,565,30428,0.018600000000000002,19.45
https://hbno.com/products/helichrysum-italicum-oil-organic,402,27550,0.0146,16.53
https://hbno.com/products/rose-floral-water-organic,370,11068,0.0334,29.01
https://hbno.com/blogs/news/tea-tree-oil-for-plants-safe-uses-for-indoor-and-outdoor-plants,368,16255,0.0226,7.02
https://hbno.com/blogs/news/benefits-of-applying-castor-oil-on-body-for-heat-and-cooling-effects,330,20881,0.0158,9.08
https://hbno.com/blogs/news/aloe-vera-and-tea-tree-oil-benefits-a-powerful-combination-for-skin-and-hair,241,28365,0.0085,11.8
https://hbno.com/blogs/news/best-jojoba-oil-alternatives-for-personal-care,228,26468,0.0086,6.21
https://hbno.com/blogs/news/how-to-make-frankincense-oil-a-simple-guide,197,11942,0.0165,12.52
https://hbno.com/blogs/news/peppermint-oil-spray-for-bugs-and-diy-bug-repellent-ratio,195,45256,0.0043,17.96
https://hbno.com/pages/hbno-where-health-meets-beauty,177,19281,0.0092,6.3
https://hbno.com/pages/contact-us,164,26635,0.0062,5.83
https://hbno.com/blogs/news/how-to-make-lemongrass-oil-for-mosquito-repellent,155,13764,0.0113,17.06
https://hbno.com/blogs/news/frankincense-and-jojoba-oil-for-face-benefits-and-diy-recipes,137,11404,0.012,8.78
https://hbno.com/blogs/news/is-geranium-oil-safe-for-dogs-flea-and-tick-protection,134,14894,0.009000000000000001,9.27
https://hbno.com/blogs/news/eucalyptus-essential-oil-blends-best-combinations-recipes,122,20998,0.0058,11.93
https://hbno.com/blogs/news/sage-oil-for-hair-growth-and-grey-hair-how-to-make-and-use-it,120,12828,0.009399999999999999,19.16
https://hbno.com/blogs/news/serrata-vs-carterii-benefits-of-each-frankincense-oil,114,7395,0.0154,8.71
https://hbno.com/blogs/news/oregano-oil-for-tooth-infection-how-to-use-and-its-benefits,109,26232,0.0042,17.48
https://hbno.com/blogs/news/rose-geranium-oil-vs-geranium-oil-key-differences,99,6948,0.014199999999999999,15.11
https://hbno.com/blogs/news/jojoba-oil-vs-almond-oil-best-uses-for-hair-and-personal-care,97,15211,0.0064,9.0
https://hbno.com/products/helichrysum-italicum-mct-organic,96,2198,0.0437,9.41
https://hbno.com/blogs/news/best-oregano-oil-brands-for-premium-quality-and-rich-aroma,95,13493,0.006999999999999999,10.66
https://hbno.com/blogs/news/how-to-mix-coconut-oil-with-essential-oils-for-skin-hair-benefits,95,12337,0.0077,18.29
https://hbno.com/blogs/news/oregano-oil-for-warts-a-natural-remedy-for-clear-skin,93,28325,0.0033,9.6
https://hbno.com/blogs/news/gymnocephalum-vs-italicum-comparing-two-helichrysum-oils,85,2459,0.0346,7.22
https://hbno.com/blogs/news/peppermint-oil-for-eyes-benefits-puffy-eyes-and-precautions,82,14424,0.005699999999999999,10.44
https://hbno.com/blogs/news/tea-tree-oil-for-spiders-how-to-use-it-for-spider-bites-mites,75,11533,0.006500000000000001,11.0
https://hbno.com/products/frankincense,72,14461,0.005,36.83
https://hbno.com/blogs/news/jojoba-oil-and-tea-tree-oil-best-uses-for-personal-care,72,12905,0.005600000000000001,12.35
https://hbno.com/blogs/news/castor-oil-and-mustard-oil-for-hair-benefits-and-growth-tips,68,10224,0.0067,8.62
https://hbno.com/blogs/news/best-carrier-oils-for-tea-tree-oil-for-skin-hair-face,66,14000,0.004699999999999999,11.38
https://hbno.com/products/lavender-essential-oil-organic,65,13512,0.0048,35.03
https://hbno.com/products/tamanu-oil-organic,62,12335,0.005,19.13
https://hbno.com/blogs/news/jojoba-oil-vs-coconut-oil-best-uses-for-hair-and-personal-care,61,14855,0.0040999999999999995,9.0
https://hbno.com/blogs/news/essential-oils-for-dog-ear-infection-top-picks-recipes,59,6440,0.0092,21.81
https://hbno.com/blogs/news/can-clove-oil-kill-bed-bugs,57,9626,0.0059,10.28
https://hbno.com/blogs/news/diy-black-seed-oil-mosquito-repellent-a-natural-solution,54,2231,0.0242,5.08
https://hbno.com/blogs/news/how-castor-oil-helps-with-blisters-on-feet-and-skin,53,13580,0.0039000000000000003,7.01
https://hbno.com/blogs/news/patchouli-light-oil-vs-patchouli-dark-oil-benefits-and-uses,50,2881,0.0174,6.79
https://hbno.com/blogs/news/best-essential-oils-for-blisters-on-feet-lips-and-hands,49,12053,0.0040999999999999995,13.41
https://hbno.com/blogs/news/jojoba-oil-for-eyebrow-growth-before-and-after-results,49,6163,0.008,8.87
https://hbno.com/blogs/news/turmeric-essential-oil-vs-turmeric-powder-key-difference,49,2934,0.0167,6.08
https://hbno.com/blogs/news/how-castor-oil-helps-fight-ear-tooth-and-skin-infections-naturally,48,4413,0.0109,9.99
https://hbno.com/products/peppermint,46,15301,0.003,32.45
https://hbno.com/blogs/news/is-cedarwood-oil-safe-for-dogs-benefits-and-proper-use,46,14922,0.0031,7.55
https://hbno.com/blogs/news/how-to-make-a-cozy-scented-candle-using-clove-oil,46,5792,0.0079,19.49
https://hbno.com/collections/fragrance,43,17982,0.0024,3.49
https://hbno.com/blogs/news/how-to-use-castor-oil-for-nail-growth-for-a-stronger-nails,42,14318,0.0029,3.86
https://hbno.com/products/prickly-pear-seed-oil-organic,40,8481,0.004699999999999999,31.67
https://hbno.com/products/clove-oil,39,21444,0.0018,38.16
https://hbno.com/products/eucalyptus-globulus,39,10704,0.0036,30.4
https://hbno.com/blogs/news/sunflower-seed-oil-top-5-non-comedogenic-oils-for-your-skin,38,34274,0.0011,21.89
https://hbno.com/collections/carrier-oils,38,33771,0.0011,21.57
https://hbno.com/blogs/news/how-patchouli-oil-works-as-an-insect-repellent,37,4485,0.008199999999999999,6.52
https://hbno.com/blogs/news/where-to-buy-peppermint-oil-and-peppermint-oil-spray,37,4335,0.0085,10.24
https://hbno.com/blogs/news/peppermint-oil-side-effects-inhalation-skin-hair-and-aromatherapy,36,18237,0.002,16.39
https://hbno.com/blogs/news/is-frankincense-essential-oil-safe-for-dogs,36,14310,0.0025,6.08
https://hbno.com/blogs/news/is-cedarwood-oil-safe-for-cats-flea-control-usage-tips,36,6464,0.005600000000000001,20.72
https://hbno.com/products/tea-tree,35,20305,0.0017000000000000001,42.27
https://hbno.com/blogs/news/best-cedarwood-essential-oil-blends-for-sleep-recipe,34,11717,0.0029,18.97
https://hbno.com/blogs/news/lavender-and-cedarwood-essential-oil-benefits-the-perfect-blend-for-relaxation,34,9816,0.0034999999999999996,26.43
https://hbno.com/products/lavender-dutch-oil,34,4575,0.0074,20.46
https://hbno.com/blogs/news/revitalize-your-skin-black-seed-oil-for-a-glowing-face-1,33,13275,0.0025,45.96
https://hbno.com/blogs/news/clove-oil-side-effects-risks-for-gums-teeth-and-skin,32,20103,0.0016,13.17
https://hbno.com/blogs/news/is-citronella-oil-safe-for-dogs-what-you-need-to-know,32,12430,0.0026,10.4
https://hbno.com/blogs/news/best-essential-oils-for-stinky-feet-that-work-fast,32,6680,0.0048,22.55
https://hbno.com/blogs/news/almond-and-avocado-oil-a-perfect-pair-for-everyday-applications,32,5156,0.0062,11.98
https://hbno.com/blogs/news/jojoba-oil-and-rosemary-oil-best-uses-for-personal-care,32,4988,0.0064,12.66
https://hbno.com/products/oregano-essential-oil-organic,31,55106,0.0006,18.11
https://hbno.com/blogs/news/fir-needle-oil-benefits-for-skin-hair-and-overall-health,31,3437,0.009000000000000001,16.36
https://hbno.com/blogs/news/lemongrass-oil-for-dogs-uses-and-safety-tips,30,9684,0.0031,14.96
https://hbno.com/products/castor-oil-organic,30,2510,0.012,22.84
https://hbno.com/blogs/news/black-oil-sunflower-seeds-for-chickens-complete-explanation,29,8577,0.0034000000000000002,13.34
https://hbno.com/blogs/news/how-to-make-cinnamon-oil-to-repel-mice-naturally,29,8463,0.0034000000000000002,13.19
https://hbno.com/collections/all,29,4865,0.006,6.98
https://hbno.com/blogs/news/sandalwood-oil-soap-benefits-recipes-and-uses-in-homemade-soap,29,3181,0.0091,17.87
https://hbno.com/products/hbno-organic-tea-tree-essential-oil,28,5299,0.0053,18.22
https://hbno.com/blogs/news/patchouli-oil-for-hair-benefits-growth-and-how-to-use-it,28,3445,0.008100000000000001,7.26
https://hbno.com/products/cedarwood-essential-oil,26,4916,0.0053,47.84
https://hbno.com/products/garlic-fragrance,26,3956,0.0066,17.52
https://hbno.com/blogs/news/jojoba-oil-soap-uses-diy-blends-soap-making-tips,26,2254,0.0115,10.86
https://hbno.com/collections/essentials-oils-blends,25,9848,0.0025,4.97
https://hbno.com/blogs/news/coconut-oil-vs-olive-oil-choosing-the-right-option,25,7591,0.0033,30.81
https://hbno.com/blogs/news/everything-about-neroli-oil-and-how-to-use-it,24,12906,0.0019,38.29
https://hbno.com/blogs/news/chamomile-oil-for-hair-benefits-growth-and-how-to-use-it,24,6016,0.004,22.3
https://hbno.com/blogs/news/cinnamon-oil-for-natural-cleaning-freshen-up-your-home-with-spice,24,4402,0.0055000000000000005,12.31
https://hbno.com/blogs/news/organic-lemon-oil-for-wood-and-furniture,23,6447,0.0036,16.01
https://hbno.com/blogs/news/camphor-oil-uses-for-babies-hair-and-skin-health,23,5226,0.0044,33.36
https://hbno.com/blogs/news/castor-oil-for-babies-uses-and-benefits-for-gentle-care,22,5690,0.0039000000000000003,10.58
https://hbno.com/blogs/news/make-your-own-peppermint-oil-a-simple-guide,22,4498,0.0049,21.8
https://hbno.com/blogs/news/lemon-juice-and-olive-oil-benefits-and-side-effects,21,25070,0.0008,15.53
https://hbno.com/blogs/news/is-castor-oil-good-for-skin-allergies-burns-and-rashes,21,14481,0.0015,17.69
https://hbno.com/blogs/news/potential-side-effects-of-tea-tree-oil-on-hair-skin-and-nails,21,7817,0.0027,11.8
https://hbno.com/blogs/news/avocado-and-sunflower-oil-a-versatile-pair-for-daily-life,21,3004,0.006999999999999999,10.23
https://hbno.com/products/sandalwood-organic,21,495,0.0424,21.82
https://hbno.com/products/patchouli-oil,20,8911,0.0022,57.04
https://hbno.com/blogs/news/lemongrass-oil-vs-citronella-oil-what-s-the-difference,20,7252,0.0028000000000000004,18.95
https://hbno.com/blogs/news/is-almond-oil-good-for-hair-fall-curly-hair-and-grey-hair,20,5883,0.0034000000000000002,20.49
https://hbno.com/products/rosemary-organic,20,4839,0.0040999999999999995,32.12
https://hbno.com/blogs/news/how-to-use-citronella-oil-in-a-diffuser-for-a-fresh-home,20,3620,0.0055000000000000005,16.84
https://hbno.com/products/myrrh-essential-oil,19,22251,0.0009,44.44
https://hbno.com/blogs/news/rosemary-and-tea-tree-oil-a-perfect-blend-for-hair-scalp,19,6196,0.0031,15.51
https://hbno.com/blogs/news/orange-oil-for-cooking-benefits-recipes-usage-tips,19,5024,0.0038,21.9
https://hbno.com/blogs/news/cinnamon-extract-vs-cinnamon-oil-key-differences-and-uses,19,2885,0.0066,18.89
https://hbno.com/products/geranium-essential-oil-organic,19,2369,0.008,47.28
https://hbno.com/blogs/news/fenugreek-oil-for-skin-benefits-and-how-to-make-it-at-home,19,1872,0.0101,20.2
https://hbno.com/collections/floral-waters,18,19153,0.0009,4.8
https://hbno.com/blogs/news/sunflower-oil-for-frying-best-choice-for-chicken-donuts-eggs,18,13613,0.0013,10.84
https://hbno.com/collections/frontpage,18,5199,0.0034999999999999996,4.19
https://hbno.com/blogs/news/avocado-oil-extraction-process-and-the-most-effective-methods,18,5047,0.0036,26.27
https://hbno.com/products/turmeric-essential-oil,18,4150,0.0043,33.09
https://hbno.com/products/lemon-organic,18,2475,0.0073,55.4
https://hbno.com/blogs/news/jojoba-and-peppermint-oil-uses-grooming-tips,18,1544,0.011699999999999999,11.92
https://hbno.com/pages/shipping-returns,18,925,0.0195,11.38
https://hbno.com/products/moringa-oil-organic,17,15752,0.0011,39.11
https://hbno.com/blogs/news/best-essential-oil-combinations-for-a-fresh-inviting-scent,17,13217,0.0013,44.18
https://hbno.com/blogs/news/argan-oil-vs-marula-oil-differences-for-hair-skin-and-face,17,5295,0.0032,14.17
https://hbno.com/products/lemon-fragrance,17,3128,0.0054,48.2
https://hbno.com/blogs/news/types-of-clove-oil-varieties-benefits-and-uses,17,2904,0.0059,13.62
https://hbno.com/blogs/news/neroli-oil-vs-other-essential-oils-what-makes-it-unique,17,2240,0.0076,47.26
https://hbno.com/products/rosemary-essential-oil-organic,17,900,0.0189,29.48
https://hbno.com/blogs/news/top-essential-oil-brands-for-your-diffuser-best-picks-for-2025,16,8611,0.0019,14.93
https://hbno.com/blogs/news/essential-oil-car-air-freshener-diy-recipes-best-essential-oils,16,6944,0.0023,32.02
https://hbno.com/blogs/news/is-spearmint-oil-good-for-skin-exploring-its-skincare-benefits,16,5658,0.0028000000000000004,21.06
https://hbno.com/blogs/news/almond-oil-for-facial-hair-growth-and-removal-myths-and-facts,16,3976,0.004,14.89
https://hbno.com/products/citronella-essential-oil,15,16587,0.0009,30.02
https://hbno.com/blogs/news/is-orange-essential-oil-safe-for-cats-what-you-need-to-know,15,6203,0.0024,9.77
https://hbno.com/blogs/news/jojoba-oil-benefits-and-side-effects-on-skin-hair-and-face,15,4495,0.0033,17.98
https://hbno.com/products/camellia-oil-organic-glass,15,4242,0.0034999999999999996,34.25
https://hbno.com/blogs/news/how-to-use-juniper-berry-essential-oil,15,3213,0.004699999999999999,15.25
https://hbno.com/blogs/news/how-to-use-helichrysum-italicum-oil-in-perfume-recipes,15,1494,0.01,17.75
https://hbno.com/blogs/news/how-to-use-bergamot-oil-for-anxiety-cholesterol-high-blood-pressure,15,1396,0.010700000000000001,22.63
https://hbno.com/blogs/news/benefits-of-helichrysum-italicum-essential-oil-in-your-bath,15,786,0.0191,28.68
https://hbno.com/products/ylang-ylang-essential-oil,14,8421,0.0017000000000000001,50.08
https://hbno.com/blogs/news/a-complete-guide-to-german-chamomile-oil-benefits-from-skin-to-hair,14,5309,0.0026,37.9
https://hbno.com/products/sweet-orange,14,4538,0.0031,38.57
https://hbno.com/products/lemongrass-organic,14,2559,0.0055000000000000005,54.54
https://hbno.com/blogs/news/top-4-carrier-oils-for-lavender-essential-oils,14,2103,0.0067,16.87
https://hbno.com/blogs/news/how-to-use-cinnamon-essential-oil-in-a-diffuser-benefits-recipes,14,1950,0.0072,7.34
https://hbno.com/blogs/news/best-cinnamon-oil-for-pine-cones-candy-and-more,14,1523,0.0092,25.38
https://hbno.com/products/black-cumin-oil-pulling-peppermint-organic,14,1159,0.0121,12.95
https://hbno.com/pages/hbno-labs,14,445,0.0315,7.47
https://hbno.com/products/neroli-organic,13,10443,0.0012,34.06
https://hbno.com/blogs/news/myrrh-essential-oil-benefits-you-should-know,13,7959,0.0016,24.38
https://hbno.com/products/bergamot-essential-oil-organic,13,7651,0.0017000000000000001,46.86
https://hbno.com/blogs/news/helichrysum-oil-for-skin-what-you-need-to-know,13,4971,0.0026,32.62
https://hbno.com/blogs/news/best-carrier-oils-for-beard-growth-thickness-beard-balm,13,4439,0.0029,11.27
https://hbno.com/blogs/news/turmeric-essential-oil-benefits-and-therapeutic-uses,13,3579,0.0036,30.87
https://hbno.com/blogs/news/sandalwood-fragrance-oil-best-types-blends-and-applications,13,3344,0.0039000000000000003,12.17
https://hbno.com/blogs/news/coconut-oil-cinnamon-honey-in-coffee-a-flavorful-blend,13,2358,0.0055000000000000005,23.32
https://hbno.com/products/cedarwood,13,2264,0.005699999999999999,32.49
https://hbno.com/products/helichrysum-gymocephalum-essential-oil,13,1178,0.011000000000000001,14.3
https://hbno.com/products/eucalyptus-oil-organic,13,942,0.0138,23.81
https://hbno.com/blogs/news/10-refreshing-uses-for-pure-peppermint-oil-in-everyday-life,12,2980,0.004,33.6
https://hbno.com/blogs/news/the-spiritual-benefits-of-clove-bud-essential-oil-enhancing-meditation-and-mindfulness,12,2932,0.0040999999999999995,14.21
https://hbno.com/blogs/news/peppermint-oil-allergy-symptoms-relief-and-treatment,12,2844,0.0042,21.43
https://hbno.com/products/mct-organic,12,2802,0.0043,37.21
https://hbno.com/blogs/news/lemon-essential-oil-uses-for-baking-and-sweet-recipes,12,2693,0.0045000000000000005,19.91
https://hbno.com/products/fir-needle-oil,12,2550,0.004699999999999999,32.35
https://hbno.com/products/evening-primrose-oil-organic,12,2496,0.0048,34.8
https://hbno.com/blogs/news/how-to-use-castor-oil-for-sunburn-relief-and-skin-healing,12,1912,0.0063,8.48
https://hbno.com/blogs/news/tobacco-vanilla-fragrance,12,1336,0.009000000000000001,16.29
https://hbno.com/products/fenugreek-oil-4-oz,12,1137,0.0106,18.01
https://hbno.com/products/marula-oil-organic,12,1003,0.012,22.86
https://hbno.com/blogs/news/why-use-neossance-squalane-in-your-soap-recipe,12,981,0.012199999999999999,13.9
https://hbno.com/products/helichrsyum,12,197,0.060899999999999996,3.51
https://hbno.com/blogs/news/avocado-oil-for-salad-dressings-benefits,11,9059,0.0012,7.36
https://hbno.com/products/sage-essential-oil-organic,11,4328,0.0025,32.53
https://hbno.com/blogs/news/bergamot-oil-in-tea-health-benefits-uses-and-earl-grey-tips,11,4201,0.0026,30.58
https://hbno.com/blogs/news/safflower-oil-for-baking-a-light-and-versatile-option,11,2423,0.0045000000000000005,14.03
https://hbno.com/products/hbno-organic-peppermint-essential-oil-mentha-piperita,11,1545,0.0070999999999999995,32.77
https://hbno.com/blogs/news/top-8-benefits-of-lavender-dutch-oil-for-everyday-wellness,11,601,0.0183,42.8
https://hbno.com/products/frankincense-mct-organic,11,317,0.0347,10.79
https://hbno.com/blogs/news/marula-oil-skin-benefits-care-for-a-radiant-glow,10,12460,0.0008,52.86
https://hbno.com/products/camphor-oil,10,9772,0.001,26.77
https://hbno.com/blogs/news/lavender-oil-side-effects-hair-skin-and-inhalation-risks,10,4906,0.002,8.24
https://hbno.com/blogs/news/how-eucalyptus-oil-helps-treat-pimples-effectively,10,4515,0.0022,26.6
https://hbno.com/products/german-chamomile-essential-oil,10,4430,0.0023,56.98
https://hbno.com/products/lemon-essential-oil,10,2292,0.0044,51.37
https://hbno.com/collections/organic-oils,10,1974,0.0051,10.19
https://hbno.com/products/cedarwood-fragrance,10,1942,0.0051,42.21
https://hbno.com/products/orange-organic,10,1594,0.0063,32.16
https://hbno.com/collections/essential-oils?page=2,10,1531,0.006500000000000001,3.24
https://hbno.com/products/mct-conventional,10,1406,0.0070999999999999995,34.01
https://hbno.com/blogs/news/myrrh-oil-for-skin-benefits-lightening-and-cracked-skin-relief,10,1377,0.0073,23.25
https://hbno.com/products/turkish-rose-mct,10,1201,0.0083,26.84
https://hbno.com/collections/skin-care-hair,10,1161,0.0086,8.14
https://hbno.com/products/protection-blend-organic,10,724,0.0138,14.69
https://hbno.com/products/cedarwood-essential-oil-virginia,10,568,0.0176,37.54
https://hbno.com/blogs/news/benefits-of-clove-oil-for-skin-rashes-itchiness-and-more,9,8424,0.0011,34.02
https://hbno.com/blogs/news/argan-oil-vs-jojoba-oil-key-differences-and-benefits,9,6094,0.0015,14.43
https://hbno.com/products/jasmine-fragrance,9,4988,0.0018,52.95
https://hbno.com/products/roman-chamomile-essential-oil,9,4682,0.0019,58.63
https://hbno.com/blogs/news/cinnamon-and-olive-oil-for-hair-skin-and-lips-uses-tips,9,3978,0.0023,13.41
https://hbno.com/products/basil-fragrance,9,3434,0.0026,39.22
https://hbno.com/blogs/news/jojoba-oil-shampoo-uses-diy-blends-popular-choices,9,2907,0.0031,15.48
https://hbno.com/products/pine-needle-fragrance,9,2381,0.0038,25.69
https://hbno.com/blogs/news/cinnamon-and-coconut-oil-for-hair-nourishing-care-diy-recipes,9,2334,0.0039000000000000003,14.07
https://hbno.com/collections/essential-oils?page=4,9,2022,0.0045000000000000005,4.25
https://hbno.com/blogs/news/peppermint-and-tea-tree-oil-for-hair-growth-natural-hair-care,9,1760,0.0051,17.85
https://hbno.com/blogs/news/eucalyptus-oil-allergy-symptoms-relief-treatment-tips,9,1731,0.0052,8.9
https://hbno.com/products/lemon-cold-pressed-essential-oil,9,1452,0.0062,58.54
https://hbno.com/products/sweet-pea-fragrance,9,1448,0.0062,35.29
https://hbno.com/blogs/news/how-to-make-and-use-lemon-oil-for-cleaning-wood-and-more,9,573,0.015700000000000002,13.18
https://hbno.com/blogs/news/benefits-of-organic-prickly-pear-seed-oil-for-lip-balm,9,570,0.0158,10.69
https://hbno.com/products/grapefruit-oil-organic,9,510,0.0176,63.94
https://hbno.com/blogs/news/ylang-ylang-essential-oil-in-lip-balm-uses-and-benefits,9,330,0.0273,14.41
https://hbno.com/products/spearmint-essential-oil,8,11075,0.0007000000000000001,32.81
https://hbno.com/blogs/news/is-eucalyptus-oil-safe-for-cats,8,8954,0.0009,21.22
https://hbno.com/blogs/news/essential-oils-for-vertigo-best-options-how-to-apply,8,7069,0.0011,9.31
https://hbno.com/blogs/news/top-10-mct-oil-uses-health-beauty-and-culinary-applications,8,4181,0.0019,46.34
https://hbno.com/blogs/news/why-organic-rose-water-is-great-for-drinking,8,3796,0.0021,25.6
https://hbno.com/blogs/news/lavender-oil-for-bites-safe-application-precautions,8,3467,0.0023,15.06
https://hbno.com/products/organic-pumpkin-seed-oil-in-glass,8,3332,0.0024,24.87
https://hbno.com/blogs/news/lavender-oil-for-laundry-best-methods-for-fresh-clothes,8,3098,0.0026,19.75
https://hbno.com/blogs/news/how-peppermint-oil-helps-fight-infections-skin-teeth-and-more,8,2863,0.0028000000000000004,18.73
https://hbno.com/products/chocolate-fragrance,8,2114,0.0038,59.37
https://hbno.com/blogs/news/sandalwood-oil-for-hair-benefits-for-grey-hair-hair-loss-growth,8,1893,0.0042,19.04
https://hbno.com/blogs/news/what-is-a-carrier-oil-for-frankincense-enhancing-your-essential-oil-experience,8,1861,0.0043,12.18
https://hbno.com/products/jojoba-oil-refined,8,1135,0.006999999999999999,25.51
https://hbno.com/blogs/news/organic-helichrysum-oil-in-lip-balm-uses-and-benefits,8,960,0.0083,17.29
https://hbno.com/products/argan-oil-organic,8,936,0.0085,52.72
https://hbno.com/products/cedarwood-essential-oil-himalayan,8,894,0.0089,45.4
https://hbno.com/blogs/news/ylang-ylang-3-oil-vs-ylang-ylang-oil-key-differences,8,739,0.0108,11.43
https://hbno.com/products/mct-oil-pulling-peppermint-organic,8,719,0.0111,16.67
https://hbno.com/products/clove-bud-oil-organic,8,626,0.0128,55.11
https://hbno.com/products/cypress-oil,8,609,0.0131,64.03
https://hbno.com/products/camellia-oil-organic,8,220,0.0364,59.56
https://hbno.com/blogs/news/tea-tree-oil-health-benefits-and-applications,7,17480,0.0004,67.05
https://hbno.com/blogs/news/citronella-oil-natural-uses-and-benefits,7,7889,0.0009,48.53
https://hbno.com/blogs/news/is-safflower-oil-good-health-cooking-frying-tips,7,5283,0.0013,20.6
https://hbno.com/blogs/news/cedarwood-oil-benefits-for-skin-a-natural-solution-for-healthy-and-glowing-skin,7,5012,0.0014000000000000002,34.44
https://hbno.com/blogs/news,7,4912,0.0014000000000000002,5.65
https://hbno.com/blogs/news/benefits-of-fenugreek-oil-for-hair-growth-skin-and-overall-health,7,4729,0.0015,32.5
https://hbno.com/blogs/news/best-avocado-oil-brand-top-picks-for-quality-and-trusted-choices,7,2987,0.0023,24.97
https://hbno.com/collections,7,2364,0.003,8.85
https://hbno.com/products/juniper-berry-fragrance,7,2067,0.0034000000000000002,53.25
https://hbno.com/blogs/news/must-have-essential-oils-for-travel-and-airplane-trips,7,1239,0.005600000000000001,22.13
https://hbno.com/blogs/news/how-to-use-citronella-oil-to-repel-mosquitoes-effectively,7,1070,0.006500000000000001,24.91
https://hbno.com/blogs/news/types-of-lemon-oil-varieties-benefits-and-uses,7,854,0.008199999999999999,16.09
https://hbno.com/products/black-cumin-oil-pulling-cinnamon-bark,7,671,0.0104,15.55
https://hbno.com/blogs/news/how-to-use-spearmint-essential-oil-for-cleaning-your-home,7,650,0.0108,11.21
https://hbno.com/blogs/news/argan-carrier-oil-in-scented-candles-uses-and-benefits,7,411,0.017,12.77
https://hbno.com/products/cinnamon-bark-fragrance,7,329,0.0213,18.31
https://hbno.com/blogs/news/exploring-the-spiritual-benefits-of-lime-essential-oil-a-path-to-inner-peace,7,222,0.0315,7.18
https://hbno.com/blogs/news/rose-water-for-hair-benefits-and-how-to-use-it-effectively,6,9556,0.0006,39.01
https://hbno.com/blogs/news/orange-oil-uses-and-benefits-a-comprehensive-guide-to-this-uplifting-oil,6,9379,0.0006,56.9
https://hbno.com/collections/sale,6,8605,0.0007000000000000001,8.15
https://hbno.com/collections/packaging,6,5478,0.0011,3.89
https://hbno.com/products/cinnamon-oil-organic,6,4350,0.0014000000000000002,67.16
https://hbno.com/blogs/news/bergamot-oil-benefits-skin-care-essential-uses,6,4317,0.0014000000000000002,60.65
https://hbno.com/products/eucalyptus-radiata-essential-oil-organic,6,3794,0.0016,51.21
https://hbno.com/blogs/news/brushing-teeth-with-turmeric-and-coconut-oil-for-a-brighter-smile,6,3179,0.0019,29.15
https://hbno.com/products/cinnamon-leaf,6,3159,0.0019,60.6
https://hbno.com/blogs/news/lemongrass-oil-and-bees-how-it-attracts-and-benefits-them,6,2418,0.0025,9.32
https://hbno.com/blogs/news/how-fractionated-coconut-carrier-oil-benefits-lip-balm,6,2195,0.0027,40.1
https://hbno.com/blogs/news/clove-bud-oil-vs-clove-leaf-oil-whats-the-difference,6,1921,0.0031,8.82
https://hbno.com/products/baobab-oil-organic,6,1825,0.0033,53.33
https://hbno.com/blogs/news/honeysuckle-oil-benefits-you-need-to-discover,6,1732,0.0034999999999999996,12.55
https://hbno.com/products/tobacco-vanilla-fragrance,6,1456,0.0040999999999999995,41.35
https://hbno.com/blogs/news/how-to-use-juniper-berry-essential-oil-for-weight-loss,6,1202,0.005,21.71
https://hbno.com/products/cedarwood-essential-oil-texas,6,878,0.0068000000000000005,52.46
https://hbno.com/products/pine-needle-essential-oil,6,839,0.0072,51.13
https://hbno.com/products/cedarwood-himalaya-essential-oil,6,456,0.0132,26.54
https://hbno.com/products/clary-sage-oil,6,408,0.0147,73.06
https://hbno.com/pages/contact,6,337,0.0178,11.51
https://hbno.com/products/lavender-dutch-2x8oz,6,276,0.0217,16.86
https://hbno.com/pages/delivery-information,6,144,0.0417,10.74
https://hbno.com/blogs/news/do-essential-oils-expire-understanding-their-life,5,15653,0.0003,31.31
https://hbno.com/blogs/news/benefits-of-bergamot-essential-oil-for-health-hair-skin,5,8155,0.0006,45.36
https://hbno.com/products/bergamot-fragrance,5,6115,0.0008,56.7
https://hbno.com/blogs/news/lavender-oil-for-skin-rash-itchy-rash-and-diaper-rash-relief,5,4554,0.0011,21.04
https://hbno.com/products/geranium-fragrance,5,3738,0.0013,52.72
https://hbno.com/blogs/news/is-almond-oil-good-for-eyes-eye-bags-wrinkles-and-lashes,5,3648,0.0014000000000000002,13.31
https://hbno.com/blogs/news/olive-oil-and-coconut-oil-for-hair-a-simple-care-routine,5,3538,0.0014000000000000002,13.26
https://hbno.com/blogs/news/what-makes-eucalyptus-oil-good-for-your-face-a-guide-to-its-benefits,5,2586,0.0019,51.25
https://hbno.com/pages/terms-conditions,5,2498,0.002,14.72
https://hbno.com/pages/about-us,5,2370,0.0021,5.88
https://hbno.com/blogs/news/what-is-cinnamon-bark-essential-oil-good-for-a-complete-guide,5,2010,0.0025,42.35
https://hbno.com/products/fir-balsam-essential-oil-organic,5,1895,0.0026,58.73
https://hbno.com/blogs/news/organic-oregano-essential-oil-benefits-natural-remedies-and-uses,5,1652,0.003,40.36
https://hbno.com/blogs/news/rose-water-vs-rose-hydrosol-what-s-the-difference,5,1589,0.0031,21.51
https://hbno.com/products/cinnamon-bark-organic,5,1416,0.0034999999999999996,49.26
https://hbno.com/blogs/news/how-to-use-turmeric-essential-oil-for-arthritis,5,924,0.0054,13.02
https://hbno.com/blogs/news/what-is-lavender-40-42-oil-and-how-is-it-used,5,918,0.0054,27.72
https://hbno.com/products/bergamot-essential-oil-bergapten-free-organic,5,783,0.0064,54.12
https://hbno.com/blogs/news/how-to-use-organic-peppermint-oil-in-candle-making,5,695,0.0072,8.92
https://hbno.com/blogs/news/orange-essential-oil-for-lip-balm-uses-and-benefits,5,673,0.0074,13.66
https://hbno.com/blogs/news/top-benefits-of-orange-essential-oil-for-laundry-use,5,564,0.0089,14.12
https://hbno.com/blogs/news/homemade-lemon-oil-easy-recipes-for-skin-more,5,564,0.0089,34.81
https://hbno.com/blogs/news/oregano-oil-for-cold-sores-colds-and-proper-dosage-guide,5,525,0.0095,9.17
https://hbno.com/products/sage-essential-oil,5,524,0.0095,49.09
https://hbno.com/products/almond-oil-organic,5,415,0.012,38.59
https://hbno.com/products/mct-oil-pulling-cinnamon-16-oz-plastic-organic,5,396,0.0126,16.6
https://hbno.com/blogs/news/natural-essential-oils-holistic-treatment-to-improve-physical-mental-and-emotional-health,5,376,0.013300000000000001,59.53
https://hbno.com/products/eucalyptus-oil,5,192,0.026000000000000002,44.15
https://hbno.com/blogs/news/is-citronella-oil-good-for-skin-understanding-its-uses-and-benefits,5,170,0.0294,19.02
https://hbno.com/blogs/news/does-clove-oil-repel-mice-a-natural-pest-control-solution,4,7725,0.0005,9.31
https://hbno.com/products/elemi-essential-oil,4,6469,0.0006,43.54
https://hbno.com/blogs/news/juniper-berry-essential-oil-exploring-its-uses-and-benefits,4,6022,0.0007000000000000001,36.16
https://hbno.com/blogs/news/is-avocado-oil-good-for-dogs-benefits-and-safety-explained,4,5351,0.0007000000000000001,23.38
https://hbno.com/blogs/news/safflower-seed-oil-benefits-for-skin-and-health,4,5101,0.0008,51.98
https://hbno.com/blogs/news/is-eucalyptus-oil-good-for-your-face-exploring-its-skincare-benefits,4,5061,0.0008,41.37
https://hbno.com/blogs/news/eucalyptus-essential-oil-5-benefits-you-should-know,4,4788,0.0008,82.65
https://hbno.com/blogs/news/sunflower-oil-used-for-cooking-and-other-purposes,4,3701,0.0011,32.57
https://hbno.com/blogs/news/lime-essential-oil-benefits-unlocking-the-power-of-this-refreshing-essential-oil,4,3687,0.0011,38.83
https://hbno.com/blogs/news/atlas-cedarwood-essential-oil-benefits-uses-insights,4,3057,0.0013,50.23
https://hbno.com/blogs/news/top-grapeseed-oil-substitutes-for-baking-and-cooking,4,2994,0.0013,7.65
https://hbno.com/blogs/news/is-clove-oil-safe-for-pregnant-women,4,2900,0.0014000000000000002,17.54
https://hbno.com/blogs/news/castor-oil-for-knee-pain-how-to-use-it-for-joint-and-arthritis-relief,4,2813,0.0014000000000000002,19.76
https://hbno.com/blogs/news/sunflower-oil-allergy-symptoms-causes-and-tests-to-know,4,2717,0.0015,16.63
https://hbno.com/blogs/news/castor-oil-for-the-belly-button-benefits-how-to-use-it,4,2472,0.0016,46.88
https://hbno.com/blogs/news/key-benefits-of-organic-argan-oil-for-nail-care,4,2036,0.002,21.0
https://hbno.com/blogs/news/apple-cinnamon-oil-for-fragrance-muffins-and-aromatherapy,4,1895,0.0021,16.01
https://hbno.com/products/cardamom-fragrance,4,1892,0.0021,47.48
https://hbno.com/products/cherry-fragrance,4,1878,0.0021,49.24
https://hbno.com/blogs/news/fir-needle-oil-therapeutic-uses-and-benefits,4,1782,0.0022,39.41
https://hbno.com/blogs/news/best-organic-rosemary-oil-for-hair-growth-and-thickness,4,1733,0.0023,26.31
https://hbno.com/blogs/news/eucalyptus-and-tea-tree-oil-differences-blends-and-uses-hbno,4,1369,0.0029,8.88
https://hbno.com/blogs/news/clove-oil-has-been-used-in-home-fragrances-for-centuries,4,1254,0.0032,13.62
https://hbno.com/blogs/news/list-of-the-best-essential-oil-substitutions,4,1018,0.0039000000000000003,19.78
https://hbno.com/products/juniper-berry-essential-oil,4,961,0.0042,68.65
https://hbno.com/blogs/news/cinnamon-leaf-essential-oil-vs-clove-essential-oil,4,773,0.0052,13.03
https://hbno.com/blogs/news/understanding-black-seed-oil-side-effects-for-skin-hair-and-health,4,617,0.006500000000000001,10.23
https://hbno.com/blogs/news/how-to-use-manuka-oil-for-toenail-fungus,4,605,0.0066,15.64
https://hbno.com/products/manuka-essential-oil,4,513,0.0078000000000000005,68.11
https://hbno.com/products/ocean-breeze-fragrance,4,394,0.0102,36.52
https://hbno.com/blogs/news/helichrysum-oil-for-toothache-natural-relief-and-benefits,4,359,0.0111,31.24
https://hbno.com/blogs/news/breathe-easy-essential-oil-ingredients-and-simple-recipe,4,303,0.0132,15.46
https://hbno.com/blogs/news/citronella-oil-benefits-for-skin-a-complete-guide,4,290,0.0138,19.3
https://hbno.com/collections/oral-hygiene-products,4,287,0.0139,10.15
https://hbno.com/pages/privacy-policy,4,278,0.0144,16.24
https://hbno.com/blogs/news/castor-oil-for-throat-natural-relief-for-pain-inflammation,4,257,0.015600000000000001,11.73
https://hbno.com/collections/fragrances-and-perfumes,4,250,0.016,12.93
https://hbno.com/blogs/news/grapeseed-oil-for-soap-uses-recipes-and-buying-guide,4,203,0.0197,15.91
https://hbno.com/products/lemongrass-essential-oil-organic,4,198,0.0202,52.83
https://hbno.com/blogs/news/sage-oil-for-skin-benefits-and-how-to-use-it,4,197,0.0203,14.95
https://hbno.com/blogs/news/how-to-use-geranium-fragrance-oil-to-clean-your-home,4,195,0.020499999999999997,11.17
https://hbno.com/blogs/news/juniper-berry-essential-oil-in-lip-balm-uses-and-benefits,4,171,0.023399999999999997,28.37
https://hbno.com/blogs/news/10-refreshing-ways-to-use-pure-lemon-oil-in-your-home,4,165,0.0242,24.33
https://hbno.com/products/sunflower-organic,4,58,0.069,28.4
https://hbno.com/blogs/news/what-is-a-carrier-oil-for-essential-oils-a-comprehensive-guide,3,15857,0.0002,54.29
https://hbno.com/blogs/news/how-to-make-peppermint-oil-spray-and-insect-repellent,3,7734,0.0004,53.83
https://hbno.com/blogs/news/eucalyptus-oil-uses-for-hair-skin-face-and-teeth-benefits,3,7334,0.0004,60.95
https://hbno.com/blogs/news/castor-oil-for-eyes-benefits-dry-eyes-and-how-to-use-it,3,5733,0.0005,28.65
https://hbno.com/blogs/news/safflower-oil-benefits-for-skin-hair-and-its-side-effects,3,5571,0.0005,32.75
https://hbno.com/blogs/news/a-complete-guide-to-sandalwood-essential-oil-benefits-uses-applications-and-more,3,4902,0.0006,59.03
https://hbno.com/products/lime-essential-oil,3,3123,0.001,43.28
https://hbno.com/blogs/news/jojoba-oil-uses-for-hair-everyday-care-and-application-guide,3,2898,0.001,58.1
https://hbno.com/blogs/news/fractionated-coconut-oil-unlock-its-many-powerful-benefits,3,2830,0.0011,34.35
https://hbno.com/products/eucalyptus-fragrance,3,2812,0.0011,50.79
https://hbno.com/blogs/news/lemon-eucalyptus-oil-benefits-a-natural-wonder,3,2710,0.0011,36.53
https://hbno.com/blogs/news/patchouli-oil-for-skin-benefits-tightening-and-best-uses,3,2379,0.0013,51.46
https://hbno.com/blogs/news/frankincense-fragrance-uses-for-relaxation-and-wellness,3,2261,0.0013,22.76
https://hbno.com/blogs/news/ylang-ylang-oil-for-hair-growth-and-benefits-explained,3,1828,0.0016,36.18
https://hbno.com/blogs/news/vetiver-haiti-oil-top-uses-and-natural-benefits,3,1822,0.0016,34.95
https://hbno.com/blogs/news/how-lemon-essential-oil-cleans-and-refreshes-your-home,3,1545,0.0019,32.92
https://hbno.com/blogs/news/patchouli-dark-essential-oil-uses-and-benefits,3,1418,0.0021,53.64
https://hbno.com/products/hemp-seed-oil-organic,3,1019,0.0029,49.19
https://hbno.com/products/mango-fragrance,3,1015,0.003,48.87
https://hbno.com/products/egyptian-jasmine-grandiflorum-mct,3,927,0.0032,27.57
https://hbno.com/blogs/news/is-castor-oil-good-for-earache-pain-infection-and-ear-wax,3,875,0.0034000000000000002,9.63
https://hbno.com/products/eucalyptus-essential-oil-globulus-organic,3,506,0.0059,17.37
https://hbno.com/blogs/news/how-lemon-essential-oil-enhances-your-bath-experience,3,462,0.006500000000000001,11.52
https://hbno.com/products/lemon-eucalyptus,3,433,0.0069,57.63
https://hbno.com/blogs/news/how-to-create-a-cleaning-spray-with-eucalyptus-globulus-oil,3,417,0.0072,19.47
https://hbno.com/blogs/news/key-benefits-of-lemon-essential-oil-in-candle-making,3,386,0.0078000000000000005,9.55
https://hbno.com/products/castor-oil,3,384,0.0078000000000000005,27.94
https://hbno.com/blogs/news/benefits-of-organic-fractionated-coconut-oil-for-nails,3,383,0.0078000000000000005,15.94
https://hbno.com/blogs/news/lavandin-dutch-oil-in-aromatherapy-uses-and-benefits,3,315,0.0095,28.97
https://hbno.com/blogs/news/how-to-use-turmeric-essential-oil-with-your-dog,3,298,0.0101,8.76
https://hbno.com/blogs/news/discover-the-highest-potential-essential-oil-uses-benefits-and-more,3,282,0.0106,15.5
https://hbno.com/blogs/news/how-to-incorporate-cinnamon-bark-oil-into-your-cleaning-routine,3,277,0.0108,28.03
https://hbno.com/blogs/news/how-argan-carrier-oil-boosts-lip-balm-effectiveness,3,269,0.011200000000000002,20.15
https://hbno.com/blogs/news/camphor-oil-for-hair-benefits-and-uses,3,211,0.014199999999999999,16.34
https://hbno.com/blogs/news/using-geranium-fragrance-oil-in-candles-a-floral-favorite,3,188,0.016,20.14
https://hbno.com/products/hbno-angel-citrus-blissful-oil-30ml,3,163,0.0184,3.15
https://hbno.com/products/safflower-oil-organic-plastic,3,132,0.0227,68.39
https://hbno.com/products/black-seed-oil-nigella-sativa-organic,3,111,0.027000000000000003,7.92
https://hbno.com/products/fenugreek-oil,3,88,0.0341,32.44
https://hbno.com/products/masculine-fragrance,3,80,0.0375,19.24
https://hbno.com/blogs/news/lemongrass-oil-diffuser-benefits-recipes-for-wellness-hbno,3,76,0.0395,17.47
https://hbno.com/products/chamomile-fragrance,3,70,0.0429,32.76
https://hbno.com/products/safflower-oil-plastic-1,3,61,0.0492,29.52
https://hbno.com/products/jojoba-oil-organic,3,59,0.0508,52.05
https://hbno.com/pages/blog,3,39,0.07690000000000001,6.26
https://hbno.com/collections/lip-balms?page=8,3,8,0.375,2.38
https://hbno.com/products/prickly-pear-seed-oil-organic?gQT=1,3,7,0.4286,1.57
https://hbno.com/blogs/news/best-essential-oils-for-bug-bites-and-itch-relief-naturally,2,11566,0.0002,49.73
https://hbno.com/blogs/news/how-rosemary-oil-helps-with-acne-benefits-uses-for-prone-skin,2,7757,0.0003,55.8
https://hbno.com/blogs/news/jasmine-essential-oil-benefits-for-skin-and-wellness,2,5448,0.0004,47.18
https://hbno.com/blogs/news/what-does-eucalyptus-smell-like,2,5130,0.0004,13.73
https://hbno.com/blogs/news/cypress-oil-discover-its-benefits-and-uses,2,3578,0.0006,31.47
https://hbno.com/products/cinnamon-fragrance,2,3020,0.0007000000000000001,48.48
https://hbno.com/blogs/news/the-complete-guide-to-cedarwood-oil-uses-benefits-and-applications,2,2838,0.0007000000000000001,54.95
https://hbno.com/blogs/news/coconut-oil-vs-mustard-oil-for-hair-which-is-best-for-growth,2,2777,0.0007000000000000001,13.7
https://hbno.com/blogs/news/juniper-berry-essential-oil-benefits-for-healthy-hair,2,1733,0.0012,15.3
https://hbno.com/blogs/news/pine-needle-essential-oil-natural-remedies-and-aromatherapy,2,1521,0.0013,42.31
https://hbno.com/blogs/news/what-is-camellia-oil-exploring-its-origins-and-benefits,2,1362,0.0015,44.12
https://hbno.com/blogs/news/delicious-lemon-olive-oil-recipes-including-pasta-and-cake,2,1361,0.0015,30.22
https://hbno.com/blogs/news/can-sunflower-oil-help-with-pimples-and-pimple-marks,2,1309,0.0015,49.3
https://hbno.com/products/lemongrass-fragrance,2,1283,0.0016,48.4
https://hbno.com/blogs/news/manuka-oil-for-hair-nourish-strengthen-and-revitalize,2,1129,0.0018,13.41
https://hbno.com/blogs/news/keep-bugs-away-naturally-with-cedarwood-essential-oil,2,1108,0.0018,19.33
https://hbno.com/blogs/news/sandalwood-beard-oil-benefits-and-how-to-make-it-for-beard-growth,2,1104,0.0018,11.92
https://hbno.com/blogs/news/benefits-of-rose-water-for-skin-hydration-glow-and-more,2,1036,0.0019,53.25
https://hbno.com/blogs/news/benefits-of-eucalyptus-globulus-essential-oil-in-your-bath,2,1026,0.0019,44.04
https://hbno.com/collections/bath-and-body,2,966,0.0021,4.8
https://hbno.com/blogs/news/castor-oil-shampoo-for-hair-gentle-effective-hair-care,2,924,0.0022,13.63
https://hbno.com/blogs/news/essential-oils-for-energy-boost-your-focus-and-vitality,2,817,0.0024,62.95
https://hbno.com/products/orange-essential-oil,2,800,0.0025,83.3
https://hbno.com/blogs/news/delicious-almond-flour-olive-oil-cake-recipes-for-every-occasion,2,789,0.0025,23.06
https://hbno.com/blogs/news/cypress-oil-benefits-for-hair-nourish-revitalize,2,765,0.0026,22.41
https://hbno.com/blogs/news/eucalyptus-and-lavender-oil-blend-benefits-recipes-diffuser-tips,2,636,0.0031,12.85
https://hbno.com/blogs/news/how-to-use-peppermint-essential-oil-for-soap-making,2,633,0.0032,11.74
https://hbno.com/blogs/news/why-grapeseed-oil-is-good-for-hair-growth-and-low-porosity-hair,2,619,0.0032,20.88
https://hbno.com/blogs/news/peppermint-oil-for-baking-uses-benefits-and-tips,2,612,0.0033,8.63
https://hbno.com/blogs/news/argan-oil-vs-prickly-pear-oil-choose-what-your-skin-needs,2,607,0.0033,7.9
https://hbno.com/blogs/news/lavandin-vs-lavender-whats-the-difference,2,581,0.0034000000000000002,34.73
https://hbno.com/blogs/news/almond-oil-for-lips-benefits-and-how-it-helps-with-hydration,2,543,0.0037,10.17
https://hbno.com/blogs/news/coconut-oil-shampoo-and-conditioner-a-smooth-hair-care-routine,2,508,0.0039000000000000003,30.19
https://hbno.com/blogs/news/how-to-use-argan-carrier-oil-for-natural-oral-hygiene,2,507,0.0039000000000000003,6.42
https://hbno.com/blogs/news/chocolate-chip-cookies-with-coconut-oil-a-tasty-baking-option,2,496,0.004,23.5
https://hbno.com/products/apricot-kernel-organic,2,460,0.0043,61.0
https://hbno.com/blogs/news/spearmint-oil-for-acne-a-natural-solution-for-clearer-skin,2,391,0.0051,13.66
https://hbno.com/blogs/news/can-you-mix-eucalyptus-and-peppermint-essential-oils-for-wellness,2,369,0.0054,14.62
https://hbno.com/products/frankincense-essential-oil,2,364,0.0055000000000000005,44.44
https://hbno.com/blogs/news/black-seed-oil-for-allergies-benefits-and-dosage-guide,2,291,0.0069,23.16
https://hbno.com/blogs/news/is-citronella-oil-good-for-hair-discover-its-potential-benefits,2,290,0.0069,9.35
https://hbno.com/products/lemongrass-essential-oil,2,280,0.0070999999999999995,41.59
https://hbno.com/blogs/news/top-health-and-skin-benefits-of-juniper-essential-oil-you-need-to-know,2,270,0.0074,51.2
https://hbno.com/blogs/news/ocean-breeze-fragrance-refreshing-use-benefits,2,265,0.0075,11.34
https://hbno.com/blogs/news/castor-oil-and-tea-tree-oil-a-perfect-blend-for-hair-skin,2,250,0.008,7.19
https://hbno.com/products/jojoba-oil-refined-organic-glass,2,250,0.008,25.44
https://hbno.com/blogs/news/how-to-use-prickly-pear-seed-carrier-oil-in-body-scrubs,2,246,0.008100000000000001,20.06
https://hbno.com/blogs/news/sandalwood-oil-for-face-choosing-the-best-option-for-skincare,2,204,0.0098,11.99
https://hbno.com/blogs/news/safflower-oil-for-dogs-practical-applications-care-tips,2,196,0.0102,8.62
https://hbno.com/blogs/news/top-uses-and-benefits-of-prickly-pear-carrier-oil-for-nails,2,168,0.011899999999999999,13.2
https://hbno.com/blogs/news/what-is-fenugreek-oil-its-uses-and-benefits-for-skin-hair-and-health,2,159,0.0126,29.26
https://hbno.com/blogs/news/5-simple-ways-to-incorporate-pure-peppermint-oil-into-your-daily-routine,2,154,0.013000000000000001,14.05
https://hbno.com/products/lavender-fragrance,2,129,0.0155,15.26
https://hbno.com/products/sandalwood-australian,2,119,0.0168,92.61
https://hbno.com/blogs/news/pine-needle-fragrance-fresh-scents-and-benefits,2,117,0.0171,10.59
https://hbno.com/blogs/news/grapeseed-oil-for-acne-how-to-use-benefits-for-clear-skin,2,117,0.0171,11.23
https://hbno.com/blogs/news/how-to-use-cinnamon-bark-essential-oil-best-5-ways-of-using-it,2,116,0.0172,14.81
https://hbno.com/products/eucalyptus-lemon,2,112,0.0179,92.0
https://hbno.com/blogs/news/simple-jojoba-oil-recipes-for-moisturizer-perfume-and-more,2,110,0.0182,10.24
https://hbno.com/blogs/news/castor-oil-for-heart-health-and-heartburn-is-it-good-for-you,2,108,0.018500000000000003,10.0
https://hbno.com/blogs/news/pure-black-seed-oil-benefits-you-cant-ignore,2,107,0.0187,33.45
https://hbno.com/blogs/news/clove-oil-for-fleas-safe-usage-for-cats-and-dogs,2,85,0.0235,8.22
https://hbno.com/blogs/news/a-guide-to-choose-the-best-pure-peppermint-oil-online,2,54,0.037000000000000005,27.91
https://hbno.com/products/avocado-oil-glass,2,54,0.037000000000000005,32.3
https://hbno.com/blogs/news/patchouli-oil-uses-in-aromatherapy-and-skincare,2,53,0.0377,33.25
https://hbno.com/collections/scented-candles-and-incense,2,50,0.04,28.42
https://hbno.com/products/hbno-organic-frankincense-oil,2,46,0.0435,20.76
https://hbno.com/blogs/news/benefits-of-lavandin-dutch-oil-for-facial-cleansing,2,44,0.0455,18.73
https://hbno.com/products/wintergreen,2,39,0.0513,8.36
https://hbno.com/products/cinnamon-leaf-2x8oz,2,35,0.0571,29.2
https://hbno.com/blogs/news/lavandin-dutch-oil-in-scented-candles-uses-and-benefits,2,29,0.069,29.07
https://hbno.com/blogs/news/a-complete-guide-to-homemade-lavender-oil-recipes-tips-and-benefits,2,28,0.07139999999999999,16.46
https://hbno.com/products/helichrysum-italicum-oil-organic?gQT=1,2,23,0.087,3.13
https://hbno.com/products/copaiba-balsam,2,22,0.0909,39.77
https://hbno.com/products/clove-bud,2,8,0.25,8.88
https://hbno.com/products/glow-shineâ„¢-hair-elixir,2,8,0.25,15.0
https://hbno.com/customer_authentication/redirect?locale=en&region_country=US,2,7,0.2857,5.71
https://hbno.com/collections/skin-and-hair-moisturizers?page=11,2,6,0.3333,1.33
https://hbno.com/products/rose-floral-water-organic?gQT=1,2,4,0.5,2.75
https://hbno.com/collections/body-sprays-and-mists/products/juniper-berry-essential-oil,2,2,1.0,2.5
https://hbno.com/products/fenugreek-oil-4-oz?gQT=1,2,2,1.0,5.0
https://hbno.com/blogs/news/how-black-seed-oil-is-good-for-hair-growth-and-natural-hair,1,11306,0.0001,59.0
https://hbno.com/blogs/news/geranium-essential-oil-benefits-for-skin-hair-and-aromatherapy,1,8066,0.0001,50.98
https://hbno.com/blogs/news/x-benefits-and-uses-of-oregano-oil,1,6357,0.0002,49.5
https://hbno.com/blogs/news/applying-almond-oil-on-face-benefits-best-time-and-daily-use,1,6053,0.0002,51.87
https://hbno.com/blogs/news/how-to-make-rose-water-at-home-easy-diy-guide,1,5739,0.0002,51.98
https://hbno.com/blogs/news/top-uses-of-eucalyptus-oil-for-hair-skin-and-aromatherapy,1,4635,0.0002,61.13
https://hbno.com/blogs/news/cinnamon-essential-oil-benefits-aromatic-uses-for-wellness,1,4504,0.0002,53.34
https://hbno.com/blogs/news/moringa-oil-for-skin-benefits-lightening-and-what-it-does,1,4245,0.0002,54.09
https://hbno.com/blogs/news/is-castor-oil-good-for-your-face-wrinkles-and-dark-spots,1,4134,0.0002,50.06
https://hbno.com/blogs/news/lemongrass-oil-uses-and-benefits-a-comprehensive-guide-to-this-aromatic-oil,1,3716,0.0003,57.29
https://hbno.com/blogs/news/a-complete-guide-to-orange-essential-oil-benefits-uses-tips-and-more,1,3285,0.0003,72.14
https://hbno.com/blogs/news/benefits-of-clove-oil-for-teeth-brush-and-care-tips,1,2434,0.0004,63.46
https://hbno.com/blogs/news/patchouli-dark-essential-oil-for-pet-care-uses-and-benefits,1,2239,0.0004,10.75
https://hbno.com/blogs/news/top-benefits-of-turmeric-essential-oil-for-hair-health,1,2153,0.0005,20.47
https://hbno.com/blogs/news/cedarwood-oil-for-hair-growth-and-benefits,1,2096,0.0005,35.06
https://hbno.com/blogs/news/top-5-uses-of-lemon-oil-for-hair-natural-ways-to-achieve-shiny-healthy-hair,1,2090,0.0005,36.18
https://hbno.com/blogs/coconut-oil-mustard-oil-hair,1,2070,0.0005,11.39
https://hbno.com/blogs/news/basil-essential-oil-benefits-for-skin-and-more,1,2009,0.0005,40.3
https://hbno.com/blogs/news/avocado-oil-for-heart-health-and-more-a-healthy-cooking-oil-for-every-meal,1,1977,0.0005,45.05
https://hbno.com/blogs/news/castor-oil-on-eyelashes-benefits-how-to-use-and-side-effects,1,1908,0.0005,41.14
https://hbno.com/blogs/news/how-to-make-citronella-candles-with-essential-oils-for-a-fragrance,1,1850,0.0005,43.32
https://hbno.com/blogs/news/grapeseed-carrier-oil-a-versatile-choice-for-hair-skin,1,1638,0.0006,43.79
https://hbno.com/blogs/news/avocado-oil-for-face-best-ways-to-use-it-in-your-routine,1,1618,0.0006,44.75
https://hbno.com/blogs/news/is-jojoba-oil-good-for-oily-skin-benefits-how-to-use-it,1,1533,0.0007000000000000001,50.87
https://hbno.com/blogs/news/is-rose-water-a-toner-benefits-and-how-to-use-it,1,1527,0.0007000000000000001,36.31
https://hbno.com/blogs/news/cinnamon-oil-benefits-for-skin-glow-hydration-and-healing,1,1484,0.0007000000000000001,33.85
https://hbno.com/blogs/news/the-comprehensive-guide-to-roman-chamomile-essential-oil-benefits,1,1442,0.0007000000000000001,54.99
https://hbno.com/blogs/news/top-eucalyptus-oil-diffuser-benefits-for-your-well-being,1,1325,0.0008,45.54
https://hbno.com/collections/cosmetics,1,1310,0.0008,4.65
https://hbno.com/products/grapefruit-fragrance,1,1300,0.0008,63.59
https://hbno.com/blogs/news/chamomile-oil-for-skin-benefits-lightening-and-how-to-use-it,1,1200,0.0008,45.51
https://hbno.com/blogs/news/how-to-use-jojoba-oil-for-sunburn-benefits-application-tips,1,1198,0.0008,13.41
https://hbno.com/blogs/news/benefits-of-jasmine-oil-a-natural-wonder,1,1187,0.0008,71.14
https://hbno.com/blogs/news/cinnamon-oil-for-lips-and-how-it-helps-plump-them,1,1156,0.0009,11.18
https://hbno.com/products/sandalwood-essential-oil-organic,1,1069,0.0009,55.28
https://hbno.com/collections/home-care,1,1032,0.001,4.36
https://hbno.com/blogs/news/texas-cedarwood-essential-oil-overview-and-therapeutic-uses,1,1032,0.001,27.82
https://hbno.com/blogs/news/best-avocado-oil-substitutes-for-cooking-baking-and-frying,1,999,0.001,9.54
https://hbno.com/blogs/news/camellia-seed-oil-hair-benefits-you-need-to-know,1,982,0.001,27.23
https://hbno.com/blogs/news/how-to-use-peppermint-oil-for-beard-growth-and-health,1,968,0.001,11.92
https://hbno.com/collections/vendors?q=hbno.com,1,887,0.0011,3.75
https://hbno.com/products/essential-oil-gift-set-8-set,1,810,0.0012,45.14
https://hbno.com/products/lavender-roll-on-organic,1,788,0.0013,44.28
https://hbno.com/blogs/news/virginia-cedarwood-essential-oil-natures-soothing-properties,1,757,0.0013,27.61
https://hbno.com/blogs/news/elemi-essential-oil-benefits-discover-its-uses-and-advantages,1,713,0.0014000000000000002,34.85
https://hbno.com/blogs/news/eucalyptus-oil-on-feet-for-cold-cough-and-sinus-relief,1,703,0.0014000000000000002,18.04
https://hbno.com/products/frankincense-fragrance,1,699,0.0014000000000000002,39.93
https://hbno.com/blogs/news/grapefruit-oil-benefits-for-hair-shine-and-growth,1,697,0.0014000000000000002,34.12
https://hbno.com/blogs/news/clary-sage-soap-nourishing-benefits-for-skin-and-senses,1,687,0.0015,20.19
https://hbno.com/products/clove-bud-fragrance,1,677,0.0015,39.14
https://hbno.com/blogs/news/can-you-substitute-avocado-oil-for-vegetable-oil-in-baking-and-frying,1,652,0.0015,9.34
https://hbno.com/collections/sale?page=2,1,598,0.0017000000000000001,12.2
https://hbno.com/products/broccoli-seed-oil-organic,1,569,0.0018,50.43
https://hbno.com/blogs/news/turmeric-essential-oil-for-skin-benefits-and-how-to-use,1,531,0.0019,37.31
https://hbno.com/blogs/news/how-to-use-cinnamon-oil-to-repel-mice-from-your-home,1,524,0.0019,40.14
https://hbno.com/blogs/news/frankincense-essential-oil-use-top-benefits-and-tips,1,523,0.0019,72.65
https://hbno.com/blogs/news/cinnamon-leaf-oil-uses-for-health-and-aromatherapy,1,427,0.0023,64.25
https://hbno.com/blogs/news/what-are-the-benefits-of-frankincense-serrata-essential-oil,1,392,0.0026,43.55
https://hbno.com/blogs/news/jojoba-oil-for-lotion-creams-diy-blends-benefits-and-uses,1,379,0.0026,9.88
https://hbno.com/blogs/news/rose-floral-water-for-baking-tips-uses-and-benefits,1,365,0.0027,18.31
https://hbno.com/blogs/news/key-benefits-of-turmeric-essential-oil-in-candle-making,1,323,0.0031,13.46
https://hbno.com/blogs/news/eucalyptus-globulus-oil-a-natural-cleaner-for-your-home,1,310,0.0032,16.4
https://hbno.com/products/helichrysum-organic-glass,1,308,0.0032,13.31
https://hbno.com/blogs/news/jojoba-oil-for-makeup-removal-tips-benefits-and-best-uses,1,297,0.0034000000000000002,17.72
https://hbno.com/blogs/news/how-to-use-lemon-oil-for-skin-whitening-and-lightening,1,289,0.0034999999999999996,17.55
https://hbno.com/blogs/news/tea-tree-oil-for-blisters-remedies-for-feet-burns-and-cold-sores,1,273,0.0037,11.48
https://hbno.com/products/bamboo-fragrance,1,273,0.0037,65.06
https://hbno.com/blogs/news/is-castor-oil-good-for-congestion-uses-for-chest-nasal-relief,1,272,0.0037,8.54
https://hbno.com/blogs/news/avocado-carrier-oil-benefits-uses-effects-on-skin-hair,1,260,0.0038,45.69
https://hbno.com/blogs/news/geranium-oil-exploring-its-health-and-wellness-benefits,1,246,0.0040999999999999995,65.35
https://hbno.com/blogs/news/turmeric-essential-oil-in-aromatherapy-uses-and-benefits,1,213,0.004699999999999999,38.23
https://hbno.com/blogs/news/is-frankincense-oil-good-for-hair-understanding-its-nourishing-properties,1,212,0.004699999999999999,10.8
https://hbno.com/blogs/news/how-to-use-patchouli-dark-essential-oil-in-handmade-soap,1,196,0.0051,23.79
https://hbno.com/blogs/news/castor-oil-for-teeth-and-gums-natural-care-pain-relief,1,174,0.005699999999999999,10.23
https://hbno.com/blogs/news/tea-tree-oil-use-for-pimples-face-care-dandruff-and-lice,1,169,0.0059,51.24
https://hbno.com/blogs/news/australian-sandalwood-essential-oil-uses-and-benefits-1,1,166,0.006,63.69
https://hbno.com/blogs/news/avocado-body-oil-a-rich-and-smooth-addition-to-your-daily-routine,1,164,0.0060999999999999995,17.34
https://hbno.com/blogs/news/lemon-olive-oil-drink-benefits-and-creamy-recipe-ideas,1,153,0.006500000000000001,21.14
https://hbno.com/products/safflower-oil-plastic,1,149,0.0067,63.3
https://hbno.com/products/sandalwood-essential-oil,1,148,0.0068000000000000005,75.42
https://hbno.com/blogs/news/castor-oil-for-pimples-benefits-and-overnight-treatmen,1,145,0.0069,34.48
https://hbno.com/blogs/news/mct-oil-uses-and-side-effects-what-you-need-to-know-before-you-try-it,1,140,0.0070999999999999995,51.96
https://hbno.com/blogs/news/ylang-hair-oil-discover-its-benefits-for-beautiful-healthy-hair,1,138,0.0072,32.75
https://hbno.com/blogs/news/how-to-use-tea-tree-oil-for-sunburn-relief-and-blisters,1,130,0.0077,18.55
https://hbno.com/blogs/news/sandalwood-essential-oil-benefits-for-face-nourish-and-rejuvenate-your-skin,1,120,0.0083,26.36
https://hbno.com/blogs/news/avocado-oil-for-beard-benefits-and-recipe-for-growth,1,117,0.0085,14.69
https://hbno.com/products/almond-oil-refined,1,116,0.0086,31.08
https://hbno.com/blogs/news/is-geranium-essential-oil-good-for-hair-discover-its-benefits-and-uses,1,114,0.0088,17.44
https://hbno.com/blogs/news/cypress-essential-oil-for-skin-benefits-for-a-healthy-glow,1,111,0.009000000000000001,14.13
https://hbno.com/blogs/news/key-differences-between-mct-oil-and-coconut-oil,1,97,0.0103,38.99
https://hbno.com/blogs/news/candle-making-with-frankincense-serrata-essential-oil,1,94,0.0106,9.27
https://hbno.com/blogs/news/how-rose-floral-water-enhances-perfumes,1,94,0.0106,17.89
https://hbno.com/blogs/news/orange-essential-oil-benefits-citrus-aromatherapy-for-health,1,84,0.011899999999999999,55.33
https://hbno.com/blogs/news/how-to-use-marula-oil-for-your-face-a-step-by-step-guide,1,83,0.012,14.66
https://hbno.com/blogs/news/fenugreek-essential-oil-natural-benefits-and-uses,1,70,0.0143,9.1
https://hbno.com/blogs/news/cedarwood-fragrance-uses-benefits,1,66,0.0152,23.0
https://hbno.com/collections/aromatherapy?page=3,1,62,0.0161,19.94
https://hbno.com/blogs/news/a-complete-guide-to-sandalwood-oil-benefits-uses-and-applications,1,56,0.0179,66.95
https://hbno.com/blogs/news/cinnamon-oil-is-good-for-hair-skin-and-aromatherapy,1,52,0.0192,22.06
https://hbno.com/blogs/news/pine-needle-essential-oil-uses-natural-remedies-and-aromatherapy,1,51,0.0196,43.16
https://hbno.com/blogs/news/evening-primrose-oil-uses-for-skin-a-natural-solution-for-glowing-complexion,1,47,0.0213,59.49
https://hbno.com/blogs/news/diy-beauty-with-pure-peppermint-oil-from-skincare-to-haircare,1,44,0.0227,16.7
https://hbno.com/collections/aromatherapy?page=6,1,44,0.0227,19.32
https://hbno.com/blogs/news/how-lemongrass-oil-benefits-your-health-and-home-a-complete-guide,1,44,0.0227,60.8
https://hbno.com/blogs/news/lemon-oil-uses-a-versatile-essential-oil-for-health-beauty-and-wellness,1,41,0.024399999999999998,58.22
https://hbno.com/blogs/news/tagged/health-beauty-oils,1,40,0.025,27.15
https://hbno.com/blogs/news/lemon-oil-benefits-for-liver-skin-hair,1,38,0.0263,10.47
https://hbno.com/collections/skin-and-hair-moisturizers?page=8,1,27,0.037000000000000005,16.56
https://hbno.com/products/fenugreek-essential-oil,1,21,0.047599999999999996,41.62
https://hbno.com/collections/personal-care?page=6,1,19,0.0526,6.32
https://hbno.com/blogs/news/peppermint-oil-good-for-headaches-skin-and-more,1,18,0.0556,21.39
https://hbno.com/blogs/news/castor-oil-for-kidney-health-effects-cleanse-more,1,15,0.0667,8.33
https://hbno.com/collections/body-oils-and-lotions?page=12,1,15,0.0667,14.67
https://hbno.com/blogs/news/top-lemongrass-essential-oil-uses-for-health-and-wellness,1,14,0.07139999999999999,31.36
https://hbno.com/products/ylang-ylang-organic,1,12,0.0833,23.33
https://hbno.com/collections/skin-care-hair/products/ylang-ylang-essential-oil,1,12,0.0833,71.33
https://hbno.com/products/chamomile-mct-1,1,11,0.0909,5.36
https://hbno.com/blogs/news?page=26,1,9,0.11109999999999999,31.78
https://hbno.com/collections/shampoos-and-conditioners?page=13,1,7,0.1429,5.71
https://hbno.com/collections/aromatherapy,1,7,0.1429,7.14
https://hbno.com/collections/body-oils-and-lotions?page=11,1,6,0.16670000000000001,5.67
https://hbno.com/collections/best-collection?page=3,1,6,0.16670000000000001,15.33
https://hbno.com/products/tea-tree-fair-for-life-organic,1,5,0.2,5.8
https://hbno.com/products/tangerine,1,5,0.2,16.6
https://hbno.com/products/garlic-fragrance?gQT=1,1,4,0.25,1.25
https://hbno.com/collections/fragrances-and-perfumes/products/cedarwood-essential-oil-texas,1,4,0.25,1.75
https://hbno.com/products/grapeseed-oil,1,4,0.25,3.5
https://hbno.com/collections/scented-candles-and-incense/products/cinnamon-bark-organic,1,4,0.25,5.25
https://hbno.com/collections/household-cleaners?page=6,1,4,0.25,5.75
https://hbno.com/collections/carrier-oils/products/sunflower-organic,1,4,0.25,6.5
https://hbno.com/collections/household-cleaners?page=8,1,3,0.3333,2.33
https://hbno.com/collections/aromatherapy/products/hbno-organic-tea-tree-essential-oil,1,3,0.3333,2.67
https://hbno.com/collections/body-sprays-and-mists/products/cherry-fragrance,1,3,0.3333,4.33
https://hbno.com/collections/essential-oils/products/sandalwood-australian,1,3,0.3333,4.67
https://hbno.com/blogs/identifying-your-skin-type-a-simple-step-by-step-guide,1,3,0.3333,5.33
https://hbno.com/pages/collab,1,2,0.5,2.5
https://hbno.com/collections/body-sprays-and-mists?page=9,1,2,0.5,5.0
https://hbno.com/blogs/combination-skin-the-best-strategies-for-balanced-care,1,1,1.0,1.0
https://hbno.com/blogs/oily-skin-explained-causes-care-and-best-products,1,1,1.0,1.0
https://hbno.com/products/rose-floral-water-organic?gQT=2,1,1,1.0,5.0
https://hbno.com/blogs/news/transform-your-hair-with-black-seed-oil-benefits-secrets,0,5897,0.0,56.32
https://hbno.com/blogs/news/rose-water-for-face-benefits-and-how-to-use-it-daily,0,5867,0.0,63.35
https://hbno.com/blogs/news/clary-sage-oil-benefits-uses-for-health-and-wellness,0,5564,0.0,56.81
https://hbno.com/blogs/news/evening-primrose-oil-uses-and-side-effects-what-you-need-to-know,0,4578,0.0,66.04
https://hbno.com/blogs/news/peppermint-essential-oil-benefits-and-practical-uses,0,4209,0.0,57.21
https://hbno.com/blogs/news/eucalyptus-oil-for-dogs-is-it-safe,0,4105,0.0,19.36
https://hbno.com/blogs/news/what-is-lemongrass-oil-good-for-top-benefits-for-skin-hair-and-health,0,3369,0.0,58.48
https://hbno.com/blogs/news/basil-essential-oil-everyday-uses-and-benefits,0,3060,0.0,50.0
https://hbno.com/blogs/news/is-sunflower-oil-good-for-your-skin-benefits-explained,0,2952,0.0,65.55
https://hbno.com/blogs/news/citronella-essential-oil-benefits-a-natural-solution-for-health-and-wellness,0,2689,0.0,56.29
https://hbno.com/blogs/news/best-peppermint-oil-for-mice-and-how-to-use-it,0,2686,0.0,46.85
https://hbno.com/blogs/news/is-coconut-oil-a-carrier-oil-benefits-and-uses-explained,0,2642,0.0,20.86
https://hbno.com/blogs/news/spearmint-oil-vs-peppermint-oil-what-s-the-difference,0,2408,0.0,37.28
https://hbno.com/blogs/news/moringa-oil-for-face-benefits-uses-and-how-to-cleanse-face,0,2350,0.0,49.71
https://hbno.com/blogs/news/clove-oil-benefits-for-hair-skin-and-overall-wellness,0,2308,0.0,60.65
https://hbno.com/blogs/news/bergamot-essential-oil-benefits-for-skin-a-natural-glow,0,2084,0.0,48.17
https://hbno.com/blogs/news/amazing-benefits-of-grapefruit-essential-oil-for-skin-and-wellness,0,2048,0.0,52.15
https://hbno.com/blogs/news/how-to-use-castor-oil-for-acne-scars-and-acne-prone-skin,0,1888,0.0,11.74
https://hbno.com/blogs/news/is-lemon-essential-oil-safe-for-dogs,0,1860,0.0,18.67
https://hbno.com/blogs/news/clary-sage-essential-oil-aromatherapy-benefits-relaxation,0,1680,0.0,71.79
https://hbno.com/blogs/news/top-benefits-of-grapeseed-oil-for-hair-and-natural-growth,0,1655,0.0,54.97
https://hbno.com/blogs/news/is-tamanu-oil-good-for-dry-oily-skin-and-eczema-benefits-explained,0,1511,0.0,58.25
https://hbno.com/blogs/news/essential-oils-vs-synthetic-fragrances-which-is-better,0,1339,0.0,29.24
https://hbno.com/products/orange-fragrance,0,1217,0.0,76.7
https://hbno.com/products/essential-oil-gift-set,0,1163,0.0,57.83
https://hbno.com/blogs/news/best-essential-oil-for-throat-comfort-pain-and-inflammation-relief,0,1152,0.0,62.17
https://hbno.com/blogs/news/what-essential-oils-are-good-for-weight-loss-your-guide,0,1148,0.0,50.98
https://hbno.com/blogs/news/what-is-lavandin-oil-all-you-need-to-know,0,1009,0.0,30.82
https://hbno.com/blogs/news/why-use-peppermint-essential-oil-in-lip-balm,0,1000,0.0,15.57
https://hbno.com/blogs/news/what-frankincense-oil-smells-like-and-its-aromatic-benefits,0,967,0.0,33.19
https://hbno.com/blogs/news/manuka-oil-benefits-why-you-should-add-it-to-your-routine,0,964,0.0,47.97
https://hbno.com/blogs/news/camphor-oil-uses-therapeutic-benefits-and-applications,0,930,0.0,59.68
https://hbno.com/blogs/news/castor-oil-and-coconut-oil-for-hair-care-a-nourishing-routine,0,903,0.0,37.06
https://hbno.com/blogs/news/avocado-oil-use-how-to-incorporate-it-in-daily-life,0,880,0.0,63.31
https://hbno.com/blogs/news/clove-leaf-essential-oil-unlocking-its-benefits-and-uses,0,837,0.0,64.9
https://hbno.com/blogs/news/how-juniper-essential-oil-benefits-both-your-skin-and-spiritual-well-being,0,757,0.0,51.48
https://hbno.com/blogs/news/is-lavender-oil-good-for-burns-how-to-use-for-relief,0,743,0.0,35.04
https://hbno.com/blogs/news/sandalwood-oil-benefits-unlock-the-secrets-of-this-ancient-oil,0,737,0.0,70.34
https://hbno.com/blogs/news/key-benefits-of-organic-lavender-essential-oil-in-a-diffuser,0,730,0.0,50.54
https://hbno.com/collections/soaps,0,710,0.0,5.27
https://hbno.com/products/tea-tree-fragrance,0,673,0.0,57.29
https://hbno.com/blogs/news/lime-essential-oil-benefits-mind-and-body-boost,0,660,0.0,53.17
https://hbno.com/blogs/news/turmeric-oil-for-hair-advantages-applications-and-tips,0,638,0.0,50.81
https://hbno.com/blogs/news/natural-nail-care-with-tea-tree-oil-freshen-up-your-feet,0,630,0.0,21.28
https://hbno.com/blogs/news/lavender-oil-in-bath-best-practices-how-to-use,0,617,0.0,19.05
https://hbno.com/blogs/news/top-x-benefits-of-japanese-peppermint-oil,0,613,0.0,24.36
https://hbno.com/blogs/news/eucalyptus-beard-oil-benefits-and-recipe-for-beard-growth,0,609,0.0,14.32
https://hbno.com/products/essential-oils-set-top-8-10ml,0,569,0.0,27.71
https://hbno.com/blogs/news/moringa-seed-carrier-oil-for-pets-uses-benefits-and-tips,0,566,0.0,14.57
https://hbno.com/blogs/news/ylang-ylang-essential-oil-enhancing-well-being-naturally,0,566,0.0,46.41
https://hbno.com/blogs/news/organic-sage-essential-oil-benefits-and-uses,0,552,0.0,57.87
https://hbno.com/pages/faqs,0,549,0.0,13.23
https://hbno.com/blogs/news/x-amazing-benefits-of-rose-water-you-must-know,0,546,0.0,35.58
https://hbno.com/blogs/news/lime-essential-oil-benefits-for-skin-achieve-a-radiant-complexion-naturally,0,537,0.0,65.49
https://hbno.com/blogs/news/cedarwood-oil-for-hair-benefits-and-uses,0,502,0.0,43.17
https://hbno.com/blogs/news/cedarwood-essential-oil-benefits-natures-remedy-for-health-and-wellness,0,490,0.0,66.27
https://hbno.com/products/honeysuckle-fragrance,0,446,0.0,70.03
https://hbno.com/blogs/news/top-benefits-of-argan-carrier-oil-for-massage-use,0,427,0.0,17.96
https://hbno.com/blogs/news/how-bergamot-oil-is-extracted-methods-and-process-explained,0,401,0.0,13.02
https://hbno.com/blogs/news/coconut-hair-oil-with-curry-leaves-rich-herbal-aroma,0,370,0.0,18.72
https://hbno.com/blogs/news/orange-essential-oil-benefits-for-skin-and-hair-nature-s-refreshing-remedy,0,369,0.0,50.82
https://hbno.com/blogs/news/chocolate-fragrance-oil-aromatic-applications-and-benefits,0,368,0.0,17.06
https://hbno.com/blogs/news/top-benefits-of-organic-bergamot-for-health-and-wellness,0,337,0.0,58.14
https://hbno.com/blogs/news/castor-oil-for-hair-growth-boost-thickness-and-strength,0,334,0.0,37.31
https://hbno.com/collections/personal-care?page=7,0,325,0.0,3.12
https://hbno.com/blogs/news/what-is-argan-oil-for-hair-benefits-uses-and-best-hair-types,0,308,0.0,68.64
https://hbno.com/blogs/news/jasmine-oil-benefits-for-stronger-shinier-healthier-hair,0,300,0.0,18.04
https://hbno.com/blogs/news/is-castor-oil-good-for-massage-body-face-and-foot-benefits,0,270,0.0,15.82
https://hbno.com/blogs/news/how-to-use-helichrysum-oil-in-aromatherapy,0,265,0.0,14.85
https://hbno.com/blogs/news/frankincense-essential-oil-benefits-and-practical-uses,0,265,0.0,95.09
https://hbno.com/blogs/news/how-to-make-soap-with-eucalyptus-globulus-essential-oil,0,260,0.0,13.11
https://hbno.com/blogs/news/is-jojoba-oil-good-for-eyes-safe-for-wrinkles-and-dark-circles,0,258,0.0,6.61
https://hbno.com/blogs/news/myrrh-essential-oil-ancient-health-benefits-unveiled,0,254,0.0,55.07
https://hbno.com/collections/essential-oils?page=7,0,247,0.0,27.57
https://hbno.com/blogs/news/clary-sage-essential-oil-benefits-in-natural-dish-soap,0,235,0.0,30.86
https://hbno.com/blogs/news/tea-tree-oil-for-lice-prevention-how-it-helps-ways-to-use,0,229,0.0,66.38
https://hbno.com/blogs/news/eucalyptus-essential-oil-health-benefits-and-practical-uses,0,228,0.0,65.94
https://hbno.com/products/essential-oils-set-top-6-10ml-lavender-eucalyptus-tea-tree-peppermint-orange-lemongrass,0,224,0.0,14.44
https://hbno.com/products/chic-rose-fragrance,0,216,0.0,15.96
https://hbno.com/blogs/news/rosemary-essential-oil-uses-and-top-benefits,0,216,0.0,47.93
https://hbno.com/blogs/news/siberian-fir-needle-oil-in-lip-balm-uses-and-benefits,0,210,0.0,43.9
https://hbno.com/blogs/news/benefits-of-sunflower-oil-for-face-and-overall-health,0,207,0.0,71.92
https://hbno.com/blogs/news/cherry-fragrance-sweet-aromas-and-applications,0,191,0.0,10.5
https://hbno.com/blogs/news/neroli-oil-use-and-benefits-for-everyday-wellness,0,191,0.0,54.64
https://hbno.com/blogs/news/uses-and-benefits-of-organic-rose-floral-water-in-face-mist,0,188,0.0,43.06
https://hbno.com/blogs/news/the-benefits-of-cinnamon-bark-oil-for-natural-living,0,186,0.0,66.53
https://hbno.com/blogs/news/eucalyptus-globulus-essential-oil-discover-its-healing-powers,0,185,0.0,60.66
https://hbno.com/blogs/news/avocado-oil-for-baking-a-great-choice-for-recipes,0,183,0.0,10.67
https://hbno.com/blogs/news/benefits-of-eucalyptus-globulus-essential-oil,0,173,0.0,57.42
https://hbno.com/blogs/news/lemongrass-essential-oil-benefits-discover-the-power-of-this-versatile-oil,0,167,0.0,75.97
https://hbno.com/blogs/news/clove-leaf-oil-a-natural-solution-for-mould-removal,0,166,0.0,49.39
https://hbno.com/blogs/news/glow-naturally-top-skin-benefits-of-cinnamon-oil,0,163,0.0,29.38
https://hbno.com/blogs/news/clary-sage-oil-benefits-for-hair-growth-and-strength,0,159,0.0,37.28
https://hbno.com/blogs/news/benefits-of-lavandin-dutch-lavender-oil,0,153,0.0,14.79
https://hbno.com/collections/vendors?page=6&q=hbno.com,0,150,0.0,14.14
https://hbno.com/blogs/news/health-benefits-of-lime-essential-oil-boost-your-wellness-naturally,0,150,0.0,61.77
https://hbno.com/blogs/news/eucalyptus-essential-oil-guide-health-benefits-and-practical-uses,0,149,0.0,63.06
https://hbno.com/blogs/news/almond-oil-for-body-skin-care-whitening-and-post-shower-benefits,0,147,0.0,14.21
https://hbno.com/blogs/news/benefits-of-ylang-ylang-essential-oil-in-your-bath,0,147,0.0,19.84
https://hbno.com/blogs/news/sweet-orange-essential-oil-benefits-and-versatile-uses,0,144,0.0,56.67
https://hbno.com/blogs/news/cinnamon-leaf-essential-oil-benefits-for-hair-nourishment-and-growth,0,143,0.0,13.38
https://hbno.com/blogs/news/essential-oil-recipe-diffuse-your-anxiety,0,122,0.0,89.31
https://hbno.com/blogs/news/citronella-essential-oil-benefits-for-skin-natural-remedies-for-a-radiant-complexion,0,117,0.0,58.45
https://hbno.com/blogs/news/eucalyptus-oil-benefits-for-skin-and-wellness,0,112,0.0,56.49
https://hbno.com/blogs/news/is-spearmint-oil-good-for-skin-discover-its-skincare-benefits,0,111,0.0,43.7
https://hbno.com/blogs/news/is-lemongrass-oil-good-for-your-skin-how-it-helps-with-acne-inflammation-and-more,0,109,0.0,19.09
https://hbno.com/blogs/news/avocado-oil-benefits-for-hair-growth-natural-care,0,109,0.0,53.5
https://hbno.com/blogs/news/what-is-camellia-oil-made-from-the-source-of-its-beauty-benefits,0,109,0.0,64.95
https://hbno.com/blogs/news/oregano-oil-for-sinus-infection-benefits-and-how-to-use-it,0,106,0.0,24.16
https://hbno.com/products/lemongrass-2x8ox,0,106,0.0,100.9
https://hbno.com/blogs/news/turmeric-essential-oil-health-benefits-and-beyond,0,102,0.0,58.45
https://hbno.com/collections/aromatherapy/products/clove-oil,0,101,0.0,48.36
https://hbno.com/collections/personal-care,0,100,0.0,8.67
https://hbno.com/blogs/news/clove-oil-use-and-benefits-for-hair-skin-and-health,0,97,0.0,22.07
https://hbno.com/blogs/news/cinnamon-leaf-essential-oil-benefits-for-hair-promote-growth-and-shine-naturally,0,96,0.0,42.27
https://hbno.com/blogs/news/easy-lemon-olive-oil-dressing-recipe-and-perfect-ratio,0,95,0.0,59.08
https://hbno.com/blogs/news/citronella-oil-candle-benefits-uses-and-best-practices,0,94,0.0,31.52
https://hbno.com/blogs/news/how-to-use-tea-tree-oil-on-scalp-promote-healthy-hair-growth-naturally,0,94,0.0,61.3
https://hbno.com/collections/all?page=2,0,92,0.0,8.48
https://hbno.com/blogs/news/myrrh-oil-use-benefits-and-applications,0,92,0.0,68.74
https://hbno.com/blogs/news/clove-oil-in-homemade-holiday-decor,0,91,0.0,7.01
https://hbno.com/blogs/news/frankincense-essential-oil-benefits-for-skin-hair-and-aromatherapy,0,91,0.0,11.18
https://hbno.com/blogs/news/is-castor-oil-good-for-eyes-eye-bags-wrinkles-and-sight,0,91,0.0,17.73
https://hbno.com/blogs/news/lavender-dutch-oil-for-diy-candles-and-home-fragrances,0,89,0.0,26.81
https://hbno.com/blogs/news/myrrh-essential-oil-health-benefits-and-applications,0,89,0.0,66.63
https://hbno.com/blogs/news/australian-sandalwood-essential-oil-uses-and-benefits,0,89,0.0,69.34
https://hbno.com/blogs/news/tea-tree-essential-oil-benefits-for-face-a-natural-remedy-for-blemishes,0,88,0.0,65.55
https://hbno.com/collections/essential-oils?page=6,0,81,0.0,9.16
https://hbno.com/blogs/news/fenugreek-oil-benefits-for-skin-achieve-a-radiant-and-healthy-complexion,0,79,0.0,41.78
https://hbno.com/products/grapefruit-oil,0,75,0.0,27.57
https://hbno.com/blogs/news/benefits-of-ylang-hair-oil-a-guide-to-transforming-your-hair-care-routine,0,75,0.0,30.48
https://hbno.com/blogs/news/neroli-oil-for-anti-aging-skincare-tips,0,72,0.0,14.62
https://hbno.com/blogs/news/ylang-ylang-essential-oil-benefits-enhance-your-well-being,0,71,0.0,60.3
https://hbno.com/blogs/news/tagged/natural-essential-oil,0,69,0.0,28.65
https://hbno.com/blogs/news/revitalize-your-skin-black-seed-oil-for-a-glowing-face,0,69,0.0,33.09
https://hbno.com/blogs/news/what-is-safflower-oil-uses-and-benefits-for-skin-and-health,0,69,0.0,65.39
https://hbno.com/blogs/news/how-to-use-organic-rose-floral-water-in-aromatherapy,0,68,0.0,15.57
https://hbno.com/products/pomegranate-oil-organic,0,68,0.0,60.0
https://hbno.com/blogs/news/how-primrose-oil-benefits-your-face-a-guide-to-healthy-glowing-skin,0,67,0.0,58.73
https://hbno.com/blogs/news/how-to-use-tea-tree-oil-on-face-tips-for-clearer-skin-and-more,0,65,0.0,62.28
https://hbno.com/blogs/news/citronella-oil-natural-uses-and-benefits-1,0,64,0.0,66.86
https://hbno.com/blogs/news/how-german-chamomile-oil-benefits-your-face-a-natural-remedy-for-radiant-skin,0,62,0.0,36.82
https://hbno.com/blogs/news/sunflower-seed-oil-usages,0,60,0.0,39.0
https://hbno.com/blogs/news/how-you-can-use-sunflower-seed-oil-for-your-skin,0,60,0.0,46.83
https://hbno.com/blogs/news/almond-oil-for-dark-circles-how-to-use-it-and-best-options,0,58,0.0,23.48
https://hbno.com/blogs/news/how-to-use-almond-oil-for-face-glow-whitening-and-oily-face,0,57,0.0,16.35
https://hbno.com/blogs/news/from-where-you-can-get-the-best-lavender-essential-oil,0,56,0.0,20.75
https://hbno.com/blogs/news/peppermint-essential-oil-good-for-allergies-and-anxiety,0,56,0.0,26.54
https://hbno.com/products/4oz-cl-g-bos-btl-22-400-12-pack,0,56,0.0,29.88
https://hbno.com/collections/all?page=14,0,55,0.0,4.0
https://hbno.com/blogs/news/texas-cedarwood-essential-oil-overview-and-applications,0,53,0.0,10.92
https://hbno.com/collections/organic-oils?page=2,0,52,0.0,8.06
https://hbno.com/collections/soaps/products/tobacco-vanilla-fragrance,0,52,0.0,50.46
https://hbno.com/blogs/news/lemongrass-essential-oil-diffuser-benefits-recipes,0,51,0.0,19.92
https://hbno.com/blogs/news/the-benefits-of-pure-eucalyptus-globulus-for-aromatherapy,0,51,0.0,38.1
https://hbno.com/products/eucalyptus-essential-oil,0,51,0.0,49.14
https://hbno.com/blogs/news/avocado-oil-health-benefits-a-superfood-for-your-heart-and-well-being,0,50,0.0,61.72
https://hbno.com/collections/all?page=7,0,48,0.0,27.71
https://hbno.com/blogs/news/virginia-cedarwood-essential-oil-benefits-and-uses,0,47,0.0,8.36
https://hbno.com/collections/cosmetics?page=5,0,46,0.0,26.39
https://hbno.com/collections/oral-hygiene-products/products/eucalyptus-radiata-essential-oil-organic,0,46,0.0,55.02
https://hbno.com/blogs/news/avocado-oil-cookies-recipe-baking-with-avocado-oil-for-best-results,0,45,0.0,12.64
https://hbno.com/blogs/news/nourishing-your-skin-naturally-the-benefits-of-clove-bud-essential-oil,0,44,0.0,11.34
https://hbno.com/products/peppermint?_pos=1&_psq=pep&_ss=e&_v=1.0,0,44,0.0,66.07
https://hbno.com/collections/sale?page=3,0,43,0.0,11.84
https://hbno.com/blogs/news/how-rosemary-oil-can-boost-beard-growth-tips-for-healthy-facial-hair,0,43,0.0,14.56
https://hbno.com/blogs/news/manuka-oil-for-skin-top-benefits-for-a-clear-healthy-glow,0,43,0.0,28.56
https://hbno.com/blogs/news/is-frankincense-oil-good-for-face-care-discover-its-skin-benefits,0,43,0.0,40.65
https://hbno.com/collections/all?page=6,0,42,0.0,4.83
https://hbno.com/benefits-of-helichrysum-oil,0,41,0.0,13.93
https://hbno.com/blogs/news/10-amazing-uses-for-cinnamon-bark-oil-in-your-daily-life,0,41,0.0,37.49
https://hbno.com/blogs/news/black-oil-sunflower-seeds-for-birds,0,40,0.0,24.75
https://hbno.com/blogs/news/organic-prickly-pear-seed-oil-pet-care-and-grooming,0,38,0.0,5.05
https://hbno.com/collections/carrier-oils?page=2,0,37,0.0,9.43
https://hbno.com/collections/vendors?page=7&q=hbno.com,0,37,0.0,35.0
https://hbno.com/collections/scented-candles-and-incense/products/helichrysum-organic-glass,0,37,0.0,45.49
https://hbno.com/products/cedarwood-china-essential-oil,0,37,0.0,54.03
https://hbno.com/blogs/news/how-organic-peppermint-oil-is-sourced-in-hbno,0,36,0.0,5.22
https://hbno.com/collections/essential-oils?page=3,0,36,0.0,8.97
https://hbno.com/blogs/news/how-to-use-almond-oil-for-hair-growth-thickness-and-hair-loss,0,36,0.0,26.17
https://hbno.com/collections/organic-oils?page=3,0,34,0.0,12.74
https://hbno.com/blogs/news?page=20,0,33,0.0,13.09
https://hbno.com/products/4oz-yl-g-bos-btl-22-400-12-pack,0,33,0.0,32.03
https://hbno.com/collections/all?page=5,0,32,0.0,18.97
https://hbno.com/collections/skin-and-hair-moisturizers?page=6,0,32,0.0,21.41
https://hbno.com/collections/carrier-oils/products/castor-oil,0,32,0.0,69.41
https://hbno.com/blogs/news/manuka-essential-oil-benefits-for-skin-and-wellness,0,30,0.0,17.5
https://hbno.com/blogs/news/make-homemade-lavender-oil-a-simple-guide-for-beginners,0,30,0.0,22.9
https://hbno.com/collections/sale/products/lemon-essential-oil,0,30,0.0,55.4
https://hbno.com/blogs/news/why-organic-neroli-oil-is-pure-therapeutic-oil,0,30,0.0,64.6
https://hbno.com/blogs/news/how-to-make-the-most-of-lemongrass-essential-oil-in-your-daily-routine,0,29,0.0,7.21
https://hbno.com/products/chamomile-mct,0,29,0.0,8.52
https://hbno.com/collections/sale/products/helichrysum-gymocephalum-essential-oil,0,28,0.0,29.89
https://hbno.com/blogs/news/what-is-orange-oil-used-for-discover-its-many-applications,0,27,0.0,32.07
https://hbno.com/collections/all?page=8,0,26,0.0,21.77
https://hbno.com/blogs/news/lemongrass-essential-oil-uses-for-health-and-wellness,0,26,0.0,67.19
https://hbno.com/collections/vendors?page=13&q=hbno.com,0,25,0.0,28.8
https://hbno.com/collections/dish-soap/products/mango-fragrance,0,25,0.0,75.52
https://hbno.com/products/palmarosa,0,24,0.0,7.0
https://hbno.com/products/4oz-or-g-bos-btl-22-400-12-pack,0,24,0.0,32.0
https://hbno.com/blogs/news/how-tea-tree-oil-benefits-your-face-a-natural-solution-for-clear-skin,0,24,0.0,34.0
https://hbno.com/blogs/news/tea-tree-oil-relief-for-skin-sinus-stress-and-toothaches,0,24,0.0,52.58
https://hbno.com/collections/all?page=4,0,23,0.0,11.61
https://hbno.com/collections/fragrances-and-perfumes?page=7,0,23,0.0,12.61
https://hbno.com/collections/vendors?page=4&q=hbno.com,0,23,0.0,14.61
https://hbno.com/blogs/identifying-your-skin-type-a-simple-step-by-step-guide-1/identifying-your-skin-type-a-simple-step-by-step-guide,0,23,0.0,68.0
https://hbno.com/products/tea-tree-essential-oil-organic,0,22,0.0,7.86
https://hbno.com/blogs/news/fenugreek-essential-oil-natural-benefits-and-uses-1,0,22,0.0,21.14
https://hbno.com/blogs/news/benefits-of-lavandin-dutch-essential-oil-for-cleaning,0,22,0.0,30.36
https://hbno.com/blogs/news/how-to-use-tea-tree-essential-oil-benefits-for-skin-and-home,0,22,0.0,44.36
https://hbno.com/collections/lip-balms/products/bergamot-essential-oil-bergapten-free-organic,0,22,0.0,55.86
https://hbno.com/collections/carrier-oils/products/moringa-oil-organic,0,22,0.0,66.95
https://hbno.com/products/jojoba-oil-glass-conventional,0,21,0.0,9.05
https://hbno.com/blogs/news/top-benefits-of-organic-eucalyptus-radiata-oil,0,21,0.0,11.29
https://hbno.com/collections/vendors?page=8&q=hbno.com,0,21,0.0,16.14
https://hbno.com/blogs/news/pure-peppermint-oil-a-versatile-addition-to-your-wellness-routine,0,21,0.0,16.19
https://hbno.com/collections/room-fresheners-and-deodorizers,0,21,0.0,33.81
https://hbno.com/collections/personal-care/products/eucalyptus-radiata-essential-oil-organic,0,21,0.0,41.0
https://hbno.com/products/lemon-2x8oz,0,21,0.0,73.86
https://hbno.com/collections/aromatherapy?page=8,0,20,0.0,10.8
https://hbno.com/collections/all?page=13,0,20,0.0,17.85
https://hbno.com/blogs/news/lemongrass-essential-oil-benefits-a-natural-remedy-for-health-and-wellness,0,20,0.0,57.1
https://hbno.com/collections/body-sprays-and-mists/products/cedarwood-fragrance,0,20,0.0,87.95
https://hbno.com/collections/oral-hygiene-products?page=5,0,19,0.0,13.84
https://hbno.com/products/organic-tamanu-glass,0,19,0.0,22.11
https://hbno.com/collections/vendors?page=3&q=hbno.com,0,19,0.0,29.58
https://hbno.com/collections/vendors?page=5&q=hbno.com,0,18,0.0,6.44
https://hbno.com/blogs/news/the-powerful-benefits-of-prickly-pear-carrier-oil,0,18,0.0,16.5
https://hbno.com/collections/vendors?page=10&q=hbno.com,0,18,0.0,17.06
https://hbno.com/blogs/news/is-tea-tree-oil-good-discover-its-remarkable-benefits,0,18,0.0,32.39
https://hbno.com/blogs/news?page=5,0,17,0.0,20.88
https://hbno.com/blogs/news?page=1,0,17,0.0,25.0
https://hbno.com/blogs/news/tagged/natural-oil,0,17,0.0,39.29
https://hbno.com/collections/body-oils-and-lotions/products/lavender-dutch-2x8oz,0,16,0.0,6.25
https://hbno.com/blogs/news/cinnamon-bark-oil-benefits-for-health-and-skin,0,16,0.0,10.12
https://hbno.com/collections/soaps/products/roman-chamomile-essential-oil,0,16,0.0,68.62
https://hbno.com/collections/all?page=13&phcursor=eyJzayI6InRpdGxlIiwic3YiOiJTYWdlIFNwYWluIEVzc2VudGlhbCBPaWwiLCJkIjoiZiIsInVpZCI6OTcwMTMzNTUzMTc5OSwibCI6OCwibyI6MH0,0,15,0.0,11.07
https://hbno.com/products/fir-needle-fragrance,0,15,0.0,60.33
https://hbno.com/collections/fragrances-and-perfumes/products/rosemary-essential-oil-organic,0,14,0.0,6.71
https://hbno.com/products/hbno-retail-pine-needle-oil-16oz,0,14,0.0,10.57
https://hbno.com/blogs/news?page=8,0,14,0.0,14.79
https://hbno.com/collections/carrier-oils?page=3,0,14,0.0,35.5
https://hbno.com/blogs/news/what-is-tea-tree-oil-good-for-a-comprehensive-look-at-its-uses,0,14,0.0,44.71
https://hbno.com/collections/cosmetics?page=3&phcursor=eyJhbGciOiJIUzI1NiJ9.eyJzayI6InByb2R1Y3RfbGluZV9pdGVtc19jb3VudCIsInN2Ijo1LCJkIjoiZiIsInVpZCI6NDEwNDEzNDA3NjAzNDMsImwiOjgsIm8iOjAsInIiOiJDRFAifQ.bqrM_oSdOXhSSgjlpoDhB7iBk4AaPctCzXBGNBGhDT4,0,13,0.0,10.08
https://hbno.com/blogs/news/primrose-oil-benefits-discover-the-healing-power-of-this-natural-oil,0,13,0.0,18.08
https://hbno.com/blogs/news/benefits-of-juniper-berry-essential-oil-for-healthy-skin,0,13,0.0,42.69
https://hbno.com/products/australian-sandalwoodmct-organic,0,13,0.0,64.46
https://hbno.com/collections/body-oils-and-lotions?page=5,0,12,0.0,6.42
https://hbno.com/products/sunflower-conventional,0,12,0.0,7.33
https://hbno.com/blogs/news/benefits-of-argan-oil-for-smooth-hydrated-skin,0,12,0.0,10.83
https://hbno.com/blogs/news/benefits-of-juniper-berry-essential-oil-explained,0,12,0.0,15.67
https://hbno.com/blogs/news?page=11,0,12,0.0,32.08
https://hbno.com/collections/fragrances-and-perfumes/products/frankincense-essential-oil,0,12,0.0,56.67
https://hbno.com/blogs/news/lemongrass-oil-benefits-a-natural-remedy-for-health-beauty-and-wellness,0,12,0.0,67.25
https://hbno.com/products/basil,0,11,0.0,7.64
https://hbno.com/collections/vendors?page=2&q=hbno.com,0,11,0.0,8.0
https://hbno.com/collections/fragrances-and-perfumes?page=2,0,11,0.0,8.09
https://hbno.com/collections/household-cleaners?page=5,0,11,0.0,21.45
https://hbno.com/products/orange-2x8oz,0,11,0.0,24.09
https://hbno.com/blogs/news/clove-leaf-oil-a-natural-antimicrobial-ingredient-for-soaps,0,11,0.0,25.64
https://hbno.com/collections/aromatherapy?page=2,0,11,0.0,46.82
https://hbno.com/collections/scented-candles-and-incense/products/peppermint,0,11,0.0,49.36
https://hbno.com/collections/shampoos-and-conditioners/products/clove-oil,0,11,0.0,74.45
https://hbno.com/collections/fragrance/products/cedarwood-fragrance,0,11,0.0,82.45
https://hbno.com/collections/aromatherapy?page=5,0,10,0.0,6.8
https://hbno.com/products/eucalyptus-radiata-fair-for-life,0,10,0.0,10.7
https://hbno.com/blogs/news/tea-tree-oil-for-infections-uses-and-effectiveness,0,10,0.0,13.2
https://hbno.com/blogs/news/lemongrass-essential-oil-uses-and-health-benefits,0,10,0.0,13.5
https://hbno.com/collections/all?page=11,0,10,0.0,20.7
https://hbno.com/collections/vendors?page=12&q=hbno.com,0,10,0.0,24.7
https://hbno.com/blogs/news/castor-oil-for-dandruff-natural-remedy-for-a-healthy-scalp,0,10,0.0,47.9
https://hbno.com/products/orange-fragrance-1,0,10,0.0,50.2
https://hbno.com/collections/fragrances-and-perfumes?page=4,0,9,0.0,3.56
https://hbno.com/collections/body-oils-and-lotions?page=3,0,9,0.0,9.22
https://hbno.com/products/peppermint-essential-oil-organic,0,9,0.0,9.89
https://hbno.com/products/1oz-green-glass-bottle-w-cap-6-pack,0,9,0.0,12.11
https://hbno.com/collections/lip-balms?page=2,0,9,0.0,13.33
https://hbno.com/blogs/news/why-lavender-dutch-oil-is-perfect-for-creating-a-peaceful-ambiance-best-for-diffusers,0,9,0.0,27.56
https://hbno.com/collections/aromatherapy?page=7,0,9,0.0,28.44
https://hbno.com/collections/vendors/products/chamomile-fragrance,0,9,0.0,55.67
https://hbno.com/collections/fragrance?page=2,0,8,0.0,6.25
https://hbno.com/blogs/news/a-comprehensive-guide-to-fenugreek-oil-benefits-from-hair-care-to-hormonal-balance,0,8,0.0,10.25
https://hbno.com/blogs/news/roman-chamomile-essential-oil-benefits-nature-s-calming-solution,0,8,0.0,10.38
https://hbno.com/collections/essentials-oils-blends?page=2,0,8,0.0,14.25
https://hbno.com/products/cedarwood-essential-oil-himalayan?_pos=4&_psq=CED&_ss=e&_v=1.0,0,8,0.0,36.5
https://hbno.com/blogs/news?page=50,0,8,0.0,38.62
https://hbno.com/collections/essential-oils/products/lemongrass-organic,0,8,0.0,54.5
https://hbno.com/blogs/understanding-your-skin-type-a-comprehensive-guide/understanding-your-skin-type-a-comprehensive-guide,0,8,0.0,80.88
https://hbno.com/products/lemon-essential-oil-1,0,8,0.0,127.62
https://hbno.com/collections/essential-oils?page=5,0,7,0.0,5.71
https://hbno.com/collections/skin-and-hair-moisturizers?page=5,0,7,0.0,6.86
https://hbno.com/collections/skin-and-hair-moisturizers/products/cedarwood-fragrance,0,7,0.0,8.0
https://hbno.com/blogs/news/how-black-seed-oil-can-support-weight-loss-benefits-and-tips,0,7,0.0,11.71
https://hbno.com/collections/aromatherapy/products/cedarwood,0,7,0.0,23.71
https://hbno.com/blogs/news/organic-sage-essential-oil-harnessing-natures-remedies,0,7,0.0,23.86
https://hbno.com/collections/cosmetics?page=2,0,7,0.0,32.57
https://hbno.com/blogs/news/skin-tips-using-essential-oils,0,7,0.0,33.43
https://hbno.com/collections/laundry-detergents-and-fabric-softeners?page=8,0,6,0.0,2.17
https://hbno.com/collections/all?page=10,0,6,0.0,5.33
https://hbno.com/blogs/news?page=2,0,6,0.0,5.67
https://hbno.com/blogs/news/discover-the-benefits-of-clove-leaf-essential-oil-natural-remedies-uses,0,6,0.0,31.5
https://hbno.com/products/lemongrass-essential-oil-1,0,6,0.0,35.5
https://hbno.com/collections/scented-candles-and-incense/products/clove-oil,0,6,0.0,64.83
https://hbno.com/collections/sale/products/german-chamomile-essential-oil,0,6,0.0,80.17
https://hbno.com/collections/household-cleaners/products/lemon-organic,0,6,0.0,83.17
https://hbno.com/collections/lip-balms?page=6,0,5,0.0,2.8
https://hbno.com/products/helichrysum-italicum-mct-organic?gQT=1,0,5,0.0,3.0
https://hbno.com/collections/best-collection,0,5,0.0,3.4
https://hbno.com/collections/cosmetics/products/oregano-essential-oil-organic,0,5,0.0,4.4
https://hbno.com/collections/body-sprays-and-mists?page=5,0,5,0.0,4.6
https://hbno.com/collections/shampoos-and-conditioners/products/black-seed-oil-organic,0,5,0.0,5.0
https://hbno.com/collections/fragrances-and-perfumes?page=5,0,5,0.0,6.0
https://hbno.com/collections/scented-candles-and-incense?page=3,0,5,0.0,6.0
https://hbno.com/collections/vendors?page=14&q=hbno.com,0,5,0.0,7.0
https://hbno.com/collections/personal-care?page=4,0,5,0.0,7.4
https://hbno.com/collections/shampoos-and-conditioners?page=7,0,5,0.0,8.0
https://hbno.com/collections/personal-care?page=8,0,5,0.0,8.2
https://hbno.com/collections/fragrance?page=2&phcursor=eyJhbGciOiJIUzI1NiJ9.eyJzayI6InByb2R1Y3RfbGluZV9pdGVtc19jb3VudCIsInN2IjowLCJkIjoiZiIsInVpZCI6NDIwMjA2MTc1NTIxNTEsImwiOjgsIm8iOjAsInIiOiJDRFAiLCJ2IjoxLCJwIjoyfQ.QvD-3W22t1133tbC-RDyGMzBracAPdBX4ar6qRGkTPo,0,5,0.0,10.8
https://hbno.com/collections/all?page=12&phcursor=eyJzayI6InRpdGxlIiwic3YiOiJQZXBwZXJtaW50IEVzc2VudGlhbCBPaWwgT3JnYW5pYyIsImQiOiJmIiwidWlkIjo5NTkxMDU4Mzk5NTExLCJsIjo4LCJvIjowfQ,0,5,0.0,11.4
https://hbno.com/collections/household-cleaners,0,5,0.0,12.2
https://hbno.com/collections/soaps?page=13,0,5,0.0,19.2
https://hbno.com/products/peppermint-essential-oil,0,5,0.0,20.8
https://hbno.com/blogs/news/fragrance-oils-vs-essential-oils-what-s-the-difference,0,5,0.0,22.8
https://hbno.com/blogs/news/how-to-make-rosemary-oil-for-health-and-beauty-benefits,0,5,0.0,29.0
https://hbno.com/collections/scented-candles-and-incense/products/lemongrass-organic,0,5,0.0,30.4
https://hbno.com/blogs/news/sunflower-oil-for-health-effects-and-benefits-for-your-well-being,0,5,0.0,44.8
https://hbno.com/products/4oz-rd-g-bos-btl-22-410-12-pack,0,5,0.0,46.0
https://hbno.com/collections/aromatherapy/products/lime-essential-oil,0,5,0.0,47.0
https://hbno.com/collections/fragrances-and-perfumes/products/myrrh-essential-oil,0,5,0.0,54.8
https://hbno.com/collections/vendors/products/4oz-rd-g-bos-btl-22-410-12-pack,0,5,0.0,73.8
"https://hbno.com/products/cedarwood-fragrance?_pos=2&_psq=Cedarwood 
&_ss=e&_v=1.0",0,5,0.0,103.6
https://hbno.com/products/peppermint?gQT=1,0,4,0.0,2.0
https://hbno.com/collections/scented-candles-and-incense?page=9,0,4,0.0,3.0
https://hbno.com/collections/all?page=12,0,4,0.0,4.25
https://hbno.com/collections/fragrance?page=3,0,4,0.0,4.5
https://hbno.com/products/eucalyptus-essential-oil-1,0,4,0.0,4.75
https://hbno.com/products/peppermint-oil-organic,0,4,0.0,5.75
https://hbno.com/products/peppermint-mct-organic-1,0,4,0.0,6.25
https://hbno.com/collections/oral-hygiene-products/products/hbno-organic-peppermint-essential-oil-mentha-piperita,0,4,0.0,6.5
https://hbno.com/products/1oz-gn-g-bos-btl-20-400-6-pack,0,4,0.0,6.5
https://hbno.com/blogs/news/is-avocado-oil-good-for-cooking-benefits-best-uses,0,4,0.0,7.0
https://hbno.com/blogs/news?page=6,0,4,0.0,7.0
https://hbno.com/products/1oz-yellow-glass-bottle-w-cap-6-pack,0,4,0.0,7.75
https://hbno.com/collections/all?page=2&phcursor=eyJzayI6InRpdGxlIiwic3YiOiJCbGFjayBTZWVkIENhcnJpZXIgT2lsIFZpcmdpbiBVbnJlZmluZWQgT3JnYW5pYyIsImQiOiJmIiwidWlkIjo5MDE0NjU4NTY0Mzc1LCJsIjo4LCJvIjowfQ,0,4,0.0,9.0
https://hbno.com/collections/vendors?page=2&phcursor=eyJhbGciOiJIUzI1NiJ9.eyJzayI6InByb2R1Y3RfdGl0bGUiLCJzdiI6IkJsYWNrIFNlZWQgQ2FycmllciBPaWwgVmlyZ2luIFVucmVmaW5lZCBPcmdhbmljIiwiZCI6ImYiLCJ1aWQiOjkwMTQ2NTg1NjQzNzUsImwiOjgsIm8iOjAsInIiOiJDViIsInYiOjF9.BE_A5kbYgVzZRUO_L69whNdFnRoXRpBagIEqKAkp3KY&q=hbno.com,0,4,0.0,9.0
https://hbno.com/products/1oz-am-glass-bottle-w-cap-6-pack,0,4,0.0,9.25
https://hbno.com/collections/body-oils-and-lotions?page=2,0,4,0.0,9.75
https://hbno.com/blogs/combination-skin-the-best-strategies-for-balanced-care/combination-skin-the-best-strategies-for-balanced-care,0,4,0.0,16.75
https://hbno.com/products/ylang-ylang-essential-oil-1,0,4,0.0,30.5
https://hbno.com/products/frankincense-essential-oil-1,0,4,0.0,33.75
https://hbno.com/blogs/news?page=32,0,4,0.0,40.75
https://hbno.com/products/peppermint-fragrance-1,0,4,0.0,48.25
https://hbno.com/blogs/news/is-cinnamon-oil-safe-for-dogs-benefits-and-precautions,0,4,0.0,63.5
https://hbno.com/collections/body-oils-and-lotions/products/cedarwood-essential-oil-texas,0,4,0.0,65.25
https://hbno.com/collections/room-fresheners-and-deodorizers/products/lemongrass-organic,0,4,0.0,66.5
https://hbno.com/collections/skin-and-hair-moisturizers/products/cinnamon-oil-organic,0,3,0.0,1.33
https://hbno.com/products/1oz-blue-glass-bottle-w-cap-6-pack,0,3,0.0,1.33
https://hbno.com/blogs/news?page=49,0,3,0.0,2.33
https://hbno.com/products/1oz-white-glass-bottle-w-cap-6-pack,0,3,0.0,2.33
https://hbno.com/blogs/news?page=25,0,3,0.0,3.67
https://hbno.com/blogs/news?page=15,0,3,0.0,4.0
https://hbno.com/collections/scented-candles-and-incense?page=4,0,3,0.0,4.67
https://hbno.com/products/4oz-am-g-bos-btl-22-400-12-pack,0,3,0.0,5.0
https://hbno.com/products/jasmine-fragrance-1,0,3,0.0,5.67
https://hbno.com/collections/oral-hygiene-products?page=4,0,3,0.0,6.0
https://hbno.com/collections/fragrances-and-perfumes?page=10,0,3,0.0,6.67
https://hbno.com/robots.txt,0,3,0.0,8.33
https://hbno.com/products/cedarwood-essential-oil-organic,0,3,0.0,8.67
https://hbno.com/blogs/news?page=30,0,3,0.0,9.67
https://hbno.com/collections/all?page=9,0,3,0.0,9.67
https://hbno.com/blogs/news/benefits-of-lemon-essential-oil-in-household-cleaning,0,3,0.0,10.0
https://hbno.com/collections/cosmetics/products/lemon-organic,0,3,0.0,10.0
https://hbno.com/blogs/sensitive-skin-understanding-triggers-and-effective-solutions/sensitive-skin-understanding-triggers-and-effective-solutions,0,3,0.0,12.0
https://hbno.com/products/organic-minted-glowâ„¢-hair-elixir,0,3,0.0,13.0
https://hbno.com/products/fir-needle-oil/,0,3,0.0,14.0
https://hbno.com/blogs/news?page=18,0,3,0.0,18.33
https://hbno.com/products/4oz-bl-g-bos-btl-24-410-12-pack,0,3,0.0,22.67
https://hbno.com/collections/all?page=5&phcursor=eyJzayI6InRpdGxlIiwic3YiOiJDeXByZXNzIEVzc2VudGlhbCBPaWwiLCJkIjoiZiIsInVpZCI6OTI1ODQ0NzQwNTMzNSwibCI6OCwibyI6MH0,0,3,0.0,30.67
https://hbno.com/collections/cosmetics/products/eucalyptus-radiata-essential-oil-organic,0,3,0.0,32.67
https://hbno.com/collections/fragrances-and-perfumes/products/eucalyptus-radiata-essential-oil-organic,0,3,0.0,38.0
https://hbno.com/products/fir-needle,0,3,0.0,54.33
https://hbno.com/collections/lip-balms/products/ylang-ylang-essential-oil,0,3,0.0,57.67
https://hbno.com/collections/aromatherapy/products/helichrysum-italicum-oil-organic,0,3,0.0,91.67
https://hbno.com/collections/body-sprays-and-mists/products/lavender-fragrance,0,3,0.0,98.67
