Top queries,Clicks,Impressions,CTR,Position
hbno,4753,21180,0.22440000000000002,1.48
hbno essential oils,1252,3202,0.391,1.23
hbno oils,411,1303,0.3154,1.26
hbno black seed oil,253,1100,0.23,1.79
hbno helichrysum oil,202,641,0.3151,1.05
castor oil in nose side effects,174,1533,0.11349999999999999,2.25
hbno rose water,137,440,0.3114,1.75
health and beauty natural oils,125,1228,0.1018,2.18
castor oil benefits,104,4470,0.0233,2.96
health & beauty natural oils,91,569,0.15990000000000001,1.86
hbno organic black seed oil,82,337,0.2433,1.79
castor oil on feet overnight benefits,80,6287,0.0127,4.98
castor oil in ear,76,3614,0.021,6.58
hbno essential oil,72,215,0.33490000000000003,1.27
benefits of applying castor oil on feet at night,70,1010,0.0693,2.84
hbno chico ca,66,498,0.1325,2.05
hbno essential oils reviews,64,727,0.08800000000000001,4.98
castor oil in nose for allergies,64,722,0.0886,3.91
castor oil in nose,63,827,0.0762,4.31
castor oil on feet,62,6344,0.0098,4.23
hbno oil,47,134,0.3507,1.04
hbno wholesale,45,538,0.0836,2.24
benefits of castor oil on feet,44,1266,0.0348,3.97
castor oil,40,2792,0.0143,2.45
hbno®,40,334,0.1198,1.89
how to use castor oil for ears,38,1863,0.0204,6.08
josef demangeat,36,371,0.09699999999999999,3.25
castor oil in ears,34,1485,0.0229,6.74
castor oil on feet overnight,33,2300,0.0143,4.62
castor oil feet,32,1076,0.0297,6.19
can i mix castor oil with coconut oil for skin,32,700,0.045700000000000005,3.53
il health & beauty natural oils,32,401,0.07980000000000001,2.09
best carrier oil for castor oil,30,585,0.0513,2.85
castor oil in nose benefits,30,473,0.0634,4.71
best oil to mix with castor oil for skin,27,678,0.0398,5.02
castor oil for feet,25,2555,0.0098,7.96
best oil to mix with castor oil for skin overnight,25,760,0.0329,4.03
carrier oil for castor oil,25,650,0.0385,4.33
benefits of castor oil on feet at night,24,323,0.07429999999999999,3.23
benefits of castor oil on feet overnight,24,206,0.1165,2.46
hbno bulk,23,1350,0.017,2.33
il health and beauty natural oils,23,426,0.054000000000000006,2.38
castor oil reduce body heat,22,590,0.0373,3.35
hbno.com,22,63,0.3492,1.02
castor oil in ear benefits,21,1130,0.018600000000000002,7.14
castor oil for ear wax,19,991,0.0192,6.77
hbno tamanu oil,19,97,0.1959,1.56
castor oil for ears,18,1422,0.0127,6.98
castor oil on soles of feet overnight benefits,18,577,0.031200000000000002,3.61
how to use castor oil for ear wax,18,406,0.0443,4.97
castor oil in nostrils,18,242,0.07440000000000001,3.7
best oil to mix with castor oil for face,18,217,0.08289999999999999,3.64
castor oil for ear infection,17,3039,0.005600000000000001,9.42
hnbo,17,870,0.0195,3.7
best carrier oil for castor oil for face,17,281,0.0605,2.94
castor oil on feet benefits,16,1653,0.0097,3.94
does castor oil reduce body heat,16,801,0.02,4.0
castor oil on feet at night,16,285,0.056100000000000004,3.32
castor oil in ears benefits,15,501,0.029900000000000003,6.49
castor oil ear wax,15,453,0.0331,6.89
is it safe to put castor oil in nose,15,134,0.1119,2.17
castor oil in the ear,14,525,0.026699999999999998,6.62
what is castor oil good for,14,431,0.0325,2.61
"il health & beauty natural oils co., inc.",14,358,0.0391,2.35
castor oil inside nose,14,229,0.0611,3.21
castor oil nose,14,145,0.0966,3.8
can i use castor oil in my nose,14,144,0.09720000000000001,3.57
castor oil in belly button,13,928,0.013999999999999999,12.77
castor oil for clogged ears,13,372,0.0349,5.3
castor oil on your feet at night,13,152,0.0855,1.86
castor oil on feet overnight side effects,12,2872,0.0042,8.31
castor oil on soles of feet overnight,12,1146,0.0105,4.26
can you put castor oil in your ears,12,712,0.0169,5.85
castor oil health benefits,12,383,0.0313,2.83
helichrysum gymnocephalum vs italicum,12,333,0.036000000000000004,4.5
benefits of putting castor oil on your feet,12,276,0.0435,3.08
mixing coconut oil and castor oil for skin,12,172,0.0698,3.26
aceite de ricino en el oido,12,159,0.0755,3.22
benefits of castor oil,11,947,0.0116,2.49
jojoba oil substitute,11,842,0.0131,4.42
can i put castor oil in my ear,11,836,0.0132,5.76
castor oil on your feet,11,569,0.019299999999999998,3.89
is castor oil cooling or heating,11,285,0.038599999999999995,5.15
uses of castor oil,11,228,0.0482,2.85
benefits of castor oil under feet,11,84,0.131,3.49
can you put castor oil in your ear,10,1306,0.0077,5.77
castor oil for skin,10,659,0.0152,2.34
castor oil uses,10,468,0.021400000000000002,2.88
castor oil ear,10,398,0.025099999999999997,6.69
castrol oil,10,303,0.033,2.38
can i put castor oil in my nose,10,224,0.0446,3.12
how to use castor oil to reduce body heat,10,134,0.0746,3.87
oregano oil,9,7155,0.0013,24.27
is geranium oil safe for dogs,9,1479,0.0060999999999999995,5.75
is it safe to put castor oil in ears,9,901,0.01,6.81
castor oil on bottom of feet,9,866,0.0104,3.53
can you use castor oil in your ears,9,535,0.0168,6.72
castor oil on feet for sleep,9,449,0.02,4.79
can you mix castor oil and coconut oil,9,415,0.0217,4.15
castor oil foot soak,9,292,0.0308,4.03
castor oil carrier oil,9,267,0.0337,16.51
benefits of castor oil on your feet,9,199,0.0452,3.32
can you put castor oil in nose,9,153,0.0588,3.99
putting castor oil on feet at night,9,130,0.0692,2.28
castor oil and coconut oil mix benefits for skin,9,116,0.0776,4.97
organic black seed oil,8,5563,0.0014000000000000002,16.06
castor oil behind ear,8,717,0.011200000000000002,6.95
substitute for jojoba oil,8,680,0.0118,4.3
castor oil ears,8,414,0.019299999999999998,6.63
can i put castor oil on my feet,8,392,0.0204,4.82
castor oil for allergies,8,357,0.022400000000000003,7.78
caster oil,8,339,0.0236,2.36
castor oil ear drops,8,317,0.0252,5.84
can you put castor oil in your nose,8,266,0.0301,3.33
aceite de ricino para los oidos,8,148,0.0541,4.2
benefits of castor oil on private parts,8,142,0.056299999999999996,2.96
what oils can be mixed with castor oil,8,120,0.0667,4.33
castor oil for dry nose,8,117,0.0684,4.23
can you use castor oil for ear wax,8,109,0.07339999999999999,6.51
castor oil in nose for sinus infection,8,72,0.11109999999999999,4.62
carrier oil for tea tree oil,7,1395,0.005,10.64
aloe vera and tea tree oil,7,859,0.008100000000000001,10.09
tea tree oil for plants,7,607,0.0115,4.79
how to use castor oil,7,596,0.011699999999999999,2.03
jojoba oil for eyebrows,7,561,0.0125,7.14
castor oil and coconut oil for skin,7,505,0.0139,5.39
castor oil for ear wax removal,7,432,0.016200000000000003,7.02
benefits of rubbing castor oil on feet,7,357,0.0196,4.43
castor oil for body heat,7,353,0.019799999999999998,3.81
tea tree oil on plants,7,352,0.0199,3.68
castor oil and coconut oil mix benefits,7,350,0.02,5.43
frankincense serrata vs carteri,7,333,0.021,6.04
which is better almond oil or jojoba oil for hair,7,330,0.0212,5.65
alternative to jojoba oil,7,251,0.0279,3.8
organic castor oil benefits,7,236,0.0297,2.45
castor oil for nose,7,236,0.0297,5.31
helichrysum italicum vs helichrysum gymnocephalum,7,203,0.0345,5.32
castor oil for nasal congestion,7,182,0.0385,5.27
carrier oils for castor oil,7,158,0.0443,6.28
castor oil packs,7,157,0.0446,2.53
castor oil for ear blockage,7,155,0.0452,5.9
aloe vera and tea tree oil for scalp,7,147,0.047599999999999996,3.78
castor oil to reduce body heat,7,121,0.0579,3.53
rose geranium vs geranium essential oil,7,109,0.0642,4.66
carrier oil for castor oil on face,7,97,0.0722,3.04
best carrier oil to mix with castor oil,7,70,0.1,3.36
essential natural oils,6,4191,0.0014000000000000002,16.75
best oil of oregano brands,6,868,0.0069,9.06
can you put castor oil in ear,6,790,0.0076,7.82
how to dilute oregano oil for warts,6,510,0.0118,6.07
castor oil on bottom of feet benefits,6,461,0.013000000000000001,4.54
castor oil and coconut oil for hair,6,434,0.0138,24.3
castor oil under feet,6,378,0.0159,6.93
can i use castor oil in my ears,6,346,0.0173,7.16
is castor oil good for ears,6,334,0.018000000000000002,7.05
aceite de ricino para el oido,6,328,0.0183,4.2
castor oil for feet benefits,6,323,0.018600000000000002,4.28
castor oil ear wax removal,6,321,0.0187,6.53
substitute for jojoba oil for hair,6,318,0.0189,4.04
frankincense carteri vs serrata for skin,6,270,0.0222,4.39
castor oil heat or cold for body,6,266,0.0226,7.94
can you spray tea tree oil on plants,6,254,0.0236,2.65
does castor oil cool the body,6,209,0.0287,4.58
mustard oil vs castor oil for hair,6,201,0.029900000000000003,5.29
is castor oil good for blocked ears,6,198,0.030299999999999997,6.87
does applying castor oil reduce body heat,6,161,0.0373,3.61
what is a good carrier oil for castor oil,6,160,0.0375,2.4
can you use castor oil on your feet,6,150,0.04,4.31
benefits of castor oil on bottom of feet,6,133,0.0451,3.17
cayenne pepper and castor oil benefits,6,125,0.048,1.92
how to use tea tree oil for plants,6,123,0.048799999999999996,2.5
castor oil for cooling body,6,99,0.060599999999999994,4.53
patchouli dark vs light,6,93,0.0645,4.03
castor oil and coconut oil mix for skin,6,90,0.0667,3.16
aceite de ricino oido,6,81,0.0741,4.15
pfefferminzöl kaufen,6,37,0.16219999999999998,2.22
non comedogenic oils,5,3528,0.0014000000000000002,35.74
oregano oil for warts,5,1566,0.0032,8.41
is castor oil a carrier oil,5,1442,0.0034999999999999996,10.1
castor oil ear infection,5,975,0.0051,8.87
how to make peppermint oil spray,5,903,0.0055000000000000005,20.62
10 uses for peppermint oil,5,887,0.005600000000000001,19.21
jojoba oil for hair,5,872,0.005699999999999999,3.11
side effects of putting oil in nose,5,816,0.0060999999999999995,9.39
is castor oil good for feet,5,710,0.006999999999999999,4.77
jojoba oil alternative,5,692,0.0072,4.28
rubbing castor oil on feet,5,480,0.0104,4.68
is geranium essential oil safe for dogs,5,474,0.0105,6.32
castor oil for sinuses,5,456,0.011000000000000001,7.49
jojoba oil for skin,5,455,0.011000000000000001,2.46
how to make frankincense oil,5,402,0.0124,9.98
best brand of oil of oregano,5,366,0.0137,9.52
castor oil for blisters,5,323,0.0155,6.34
jojoba oil replacement,5,308,0.016200000000000003,3.11
coconut oil and castor oil for skin,5,292,0.0171,5.14
castor oil on soles of feet,5,239,0.0209,4.84
how to use castor oil for nasal congestion,5,230,0.0217,5.77
is castor oil good for skin,5,225,0.0222,7.23
castor oil for blocked nose,5,181,0.0276,6.62
organic castor oil,5,177,0.0282,9.53
difference between frankincense serrata and carteri,5,165,0.030299999999999997,6.69
garlic fragrance oil,5,149,0.0336,7.68
como hacer aceite de incienso,5,138,0.0362,4.38
how to apply castor oil on face,5,123,0.0407,2.36
soaking feet in castor oil,5,108,0.0463,4.09
how to use castor oil on feet,5,100,0.05,3.68
ratio of castor oil to carrier oil,5,96,0.0521,4.01
mixing castor oil and coconut oil for skin,5,88,0.056799999999999996,2.92
what can i mix with castor oil for skin,5,73,0.06849999999999999,4.19
health and beauty essential oils,5,54,0.0926,3.0
manfaat minyak nilam untuk rambut,5,38,0.1316,4.82
hbno organic rose floral water,5,17,0.29410000000000003,1.0
is citronella safe for dogs,4,2335,0.0017000000000000001,9.04
jojoba oil,4,1277,0.0031,2.88
is frankincense safe for dogs,4,1128,0.0034999999999999996,7.42
castor oil for face,4,819,0.0049,31.11
castor oil for ear,4,630,0.0063,6.82
caster oil on feet,4,612,0.006500000000000001,5.57
jojoba oil vs coconut oil for hair,4,552,0.0072,7.55
is castor oil good for your feet,4,523,0.0076,5.06
castor oil in ears for itching,4,521,0.0077,9.07
is castor oil a good carrier oil,4,457,0.0088,4.75
aloe vera tea tree oil,4,420,0.0095,18.6
can i mix castor oil with coconut oil,4,410,0.0098,5.64
tea tree oil and aloe vera,4,398,0.0101,7.61
castor oil benefits for skin,4,376,0.0106,2.83
how to use castor oil for ear infection,4,376,0.0106,8.33
best carrier oil for tea tree oil,4,373,0.010700000000000001,6.88
can i put castor oil in my ears,4,336,0.011899999999999999,6.08
is rose geranium oil safe for dogs,4,330,0.0121,3.98
castor oil is heat or cold for body,4,304,0.0132,6.91
castor oil or mustard oil which is better for hair,4,295,0.013600000000000001,5.22
castor oil for sinus,4,292,0.0137,7.99
caster oil benefits,4,283,0.0141,2.78
how to make sage oil for hair,4,276,0.014499999999999999,8.77
how to use peppermint oil for ear infection,4,270,0.0148,8.83
rose geranium vs geranium,4,253,0.0158,6.29
castor oil and coconut oil,4,242,0.0165,15.6
castor oil feet benefits,4,219,0.0183,4.98
caster oil for feet,4,214,0.0187,8.48
where to buy peppermint oil,4,213,0.018799999999999997,7.47
is jojoba oil good for eyebrows,4,212,0.0189,5.24
castor oil foot massage benefits,4,204,0.0196,6.29
can i mix tea tree oil with aloe vera gel,4,204,0.0196,6.63
fenugreek oil for skin lightening,4,200,0.02,8.13
castor oil belly button,4,198,0.0202,16.53
how to mix castor oil and coconut oil,4,196,0.0204,5.55
how to use castor oil on feet overnight,4,192,0.0208,4.31
will castor oil reduce body heat,4,172,0.0233,4.18
helichrysum gymnocephalum,4,153,0.026099999999999998,9.88
can you mix tea tree oil with aloe vera,4,151,0.0265,5.42
how to make lemongrass oil,4,148,0.027000000000000003,7.24
best oil to mix with castor oil,4,127,0.0315,4.0
applying castor oil to feet,4,122,0.032799999999999996,6.78
can castor oil be put in ears,4,109,0.036699999999999997,6.78
castor oil can reduce body heat,4,99,0.0404,3.32
black seed oil mosquito repellent,4,97,0.0412,2.36
castor oil mix with coconut oil,4,97,0.0412,7.27
geranium vs rose geranium smell,4,92,0.0435,5.66
best oils to mix with castor oil,4,89,0.0449,4.08
does castor oil help with sinuses,4,80,0.05,5.12
castor oil nose drops,4,73,0.0548,4.0
the benefit of castor oil,4,70,0.0571,2.43
how to put castor oil in nose,4,67,0.059699999999999996,3.84
schwarzkümmelöl mücken,4,55,0.0727,2.11
castor oil with cayenne pepper benefits,4,52,0.07690000000000001,1.85
can you use castor oil in your nose,4,52,0.07690000000000001,3.67
castor oil for nasal allergies,4,51,0.0784,2.92
where does castor oil come from,4,50,0.08,3.14
what oil to mix with castor oil,4,44,0.0909,5.64
caster oil uses,4,40,0.1,7.7
essential oils for dogs ears,4,40,0.1,8.1
il health & beauty natural oils co,4,36,0.11109999999999999,1.72
what are the uses of castor oil,4,35,0.1143,2.2
lemongrass mosquito repellent recipe,4,31,0.129,10.0
hbbnod,4,15,0.2667,1.53
citronella oil,3,8714,0.0003,24.31
organic neroli essential oil,3,3594,0.0008,31.29
carrier oil,3,2688,0.0011,57.34
how to make peppermint spray,3,1346,0.0022,19.38
is castor oil good for burns,3,1342,0.0022,9.46
how to make peppermint spray for bugs,3,827,0.0036,17.38
how to put castor oil in ear,3,689,0.0044,7.12
oregano oil warts,3,643,0.004699999999999999,8.95
geranium oil safe for dogs,3,508,0.0059,5.55
how to make frankincense oil at home,3,466,0.0064,7.65
can i put castor oil in my ear for wax,3,392,0.0077,6.33
castor oil for ear pain,3,385,0.0078000000000000005,8.95
hb naturals black seed oil,3,359,0.0084,12.38
is tea tree oil good for plants,3,357,0.0084,4.07
what does rubbing castor oil on your feet do,3,330,0.0091,5.44
can i put caster oil in my ear,3,309,0.0097,8.13
geranium vs rose geranium,3,295,0.0102,6.37
is geraniol safe for dogs,3,291,0.0103,9.58
can you put castor oil on your feet,3,288,0.0104,4.23
is tea tree oil safe for plants,3,285,0.0105,3.56
rose geranium oil for dogs,3,275,0.0109,6.59
castor oil mixed with coconut oil,3,265,0.0113,4.97
rose floral water,3,254,0.0118,22.3
castor oil bottom of feet,3,246,0.012199999999999999,3.16
castor oil vs mustard oil for hair,3,246,0.012199999999999999,5.58
castor oil with coconut oil,3,242,0.0124,8.19
benefits of putting castor oil in nose,3,235,0.0128,5.61
aloe vera and tea tree oil for hair,3,219,0.0137,5.89
orange essential oil cats,3,213,0.0141,9.15
castor oil feet sleep,3,208,0.0144,5.2
castor oil on the feet,3,201,0.0149,4.95
castor oil in ear canal,3,200,0.015,6.09
how to use castor oil for earache,3,200,0.015,7.71
castor oil and coconut oil for face,3,198,0.0152,8.24
can castor oil be used in ears,3,195,0.0154,7.19
can you mix castor oil with coconut oil,3,193,0.0155,5.15
caster oil for ear wax,3,188,0.016,6.26
jojoba oil vs almond oil for hair,3,183,0.016399999999999998,7.27
can i mix castor oil and coconut oil for face,3,182,0.0165,5.91
castor oil on nose,3,175,0.0171,4.3
organic fenugreek oil,3,171,0.0175,12.26
how to use castor oil for pain relief,3,170,0.0176,30.28
caster oil for ears,3,166,0.0181,7.24
can i use castor oil on my feet,3,165,0.0182,5.08
the benefits of castor oil,3,158,0.019,2.25
is citronella oil safe for dogs,3,156,0.0192,10.72
boswellia carterii vs boswellia serrata,3,155,0.0194,9.61
is castor oil good for your ears,3,154,0.0195,6.52
is castor oil good for face,3,154,0.0195,32.51
jojoba oil vs coconut oil for skin,3,151,0.0199,6.75
castor oil ear ache,3,150,0.02,9.01
what is castor oil used for,3,139,0.0216,2.97
castor oil for blocked ears,3,139,0.0216,6.85
can you use caster oil in your ears,3,137,0.0219,7.55
is it safe to put castor oil in your ear,3,136,0.022099999999999998,5.08
best cinnamon oil for pine cones,3,136,0.022099999999999998,9.72
castor oil good for feet,3,134,0.022400000000000003,4.7
is rose geranium the same as geranium,3,132,0.0227,6.83
how to make lemongrass oil for mosquito repellent,3,125,0.024,8.77
aceite de ricino para oidos,3,118,0.0254,4.33
boswellia carterii vs serrata,3,117,0.0256,9.07
can you use tea tree oil on plants,3,111,0.027000000000000003,2.53
castor oil for tooth infection,3,111,0.027000000000000003,8.23
castor oil for stuffy nose,3,110,0.0273,4.93
making frankincense oil,3,106,0.028300000000000002,10.33
castor oil in belly button benefits,3,106,0.028300000000000002,26.58
como hacer aceite de limoncillo,3,103,0.0291,6.76
mixing coconut oil and castor oil,3,100,0.03,2.97
almond oil for grey hair,3,94,0.0319,8.82
frankincense oil for skin,3,93,0.0323,2.94
cara membuat kemenyan,3,93,0.0323,7.27
castor oil and feet,3,90,0.0333,4.32
castor oil rubbed on feet,3,89,0.0337,3.96
how to make frankincense essential oil,3,89,0.0337,6.58
mustard oil and castor oil for hair,3,84,0.035699999999999996,7.36
castor oil for nasal polyps,3,83,0.0361,15.87
लोबान का तेल कैसे बनता है,3,80,0.0375,6.11
tea tree oil with jojoba oil,3,77,0.039,9.16
how to use castor oil for tooth infection,3,76,0.0395,9.29
how is castor oil made,3,75,0.04,2.04
castor oil for blocked ear,3,75,0.04,6.2
oils to mix with castor oil,3,74,0.0405,4.95
is geranium and rose geranium the same,3,74,0.0405,5.54
olive oil vs coconut oil for massage,3,74,0.0405,6.15
castor oil soles of feet,3,70,0.0429,4.1
where to apply castor oil for body heat,3,70,0.0429,4.73
what are the benefits of putting castor oil on your feet,3,62,0.0484,3.39
health benefits of castor oil,3,58,0.051699999999999996,2.33
can we mix castor oil with mustard oil,3,58,0.051699999999999996,4.16
schwarzkümmelöl gegen mücken,3,57,0.0526,2.05
homemade frankincense oil,3,55,0.0545,6.89
rose geranium essential oil for dogs,3,53,0.056600000000000004,4.7
mixing castor oil with ptherboils,3,51,0.0588,2.37
putting castor oil on feet,3,45,0.0667,4.96
castor oil for foot massage,3,45,0.0667,7.38
castor oil for feet massage,3,44,0.0682,7.16
rose geranium,3,42,0.07139999999999999,4.26
castor oil in the ear benefits,3,41,0.0732,5.83
castor oil for sore feet,3,41,0.0732,11.17
coconut oil and castor oil mix for face,3,40,0.075,4.75
best castor oil for healing,3,37,0.08109999999999999,2.43
castor oil in the nose,3,22,0.1364,4.27
what is the benefit of castor oil,3,21,0.1429,3.95
which frankincense is best for skin,3,20,0.15,2.05
castor oil for runny nose,3,19,0.15789999999999998,2.84
camphor oil,2,5802,0.0003,18.42
clove oil,2,4946,0.0004,52.63
is sunflower oil comedogenic,2,2629,0.0008,9.53
oregano essential oil uses,2,1606,0.0012,16.21
ratio of peppermint oil to water for bug spray,2,1349,0.0015,12.54
is orange essential oil safe for cats,2,1058,0.0019,8.44
peppermint oil in eye,2,855,0.0023,9.9
can castor oil be used as a carrier oil,2,829,0.0024,7.59
essential oil for blisters,2,524,0.0038,8.2
mct carrier oil,2,473,0.0042,19.16
caster oil in ears,2,429,0.004699999999999999,7.07
side effects of olive oil and lemon juice in the morning,2,408,0.0049,5.59
argan oil vs jojoba oil,2,376,0.0053,11.24
frankincense carterii vs serrata,2,362,0.0055000000000000005,7.0
cedarwood oil safe for dogs,2,360,0.005600000000000001,6.96
how to use castor oil for hair growth and thickness,2,357,0.005600000000000001,22.54
can i use castor oil in my ear,2,336,0.006,7.66
health and beauty oils,2,335,0.006,7.16
castor oil benefits for feet,2,322,0.0062,5.07
castor oil for sinus congestion,2,304,0.0066,7.57
organic helichrysum roll on,2,301,0.0066,7.44
where to apply essential oils for dizziness,2,285,0.006999999999999999,2.66
organic rosewater,2,279,0.0072,29.83
can you put castor oil in your ear to soften wax,2,278,0.0072,7.38
geraniol safe for dogs,2,276,0.0072,8.25
fir needle essential oil,2,272,0.0074,44.24
aloe and tea tree oil,2,269,0.0074,12.38
can you mix coconut oil and castor oil,2,267,0.0075,5.0
benefits of applying oil on feet at night,2,265,0.0075,11.74
cedarwood fragrance,2,265,0.0075,47.69
what does castor oil do for your feet,2,259,0.0077,4.14
castor oil and coconut oil on face overnight,2,258,0.0078000000000000005,8.09
what to mix with castor oil for face,2,255,0.0078000000000000005,5.22
castor oil on burns,2,252,0.0079,8.54
castor oil on blisters,2,250,0.008,6.27
how to dilute castor oil for skin,2,235,0.0085,6.45
geranium oil for dogs,2,215,0.009300000000000001,5.45
aloe vera gel and tea tree oil,2,213,0.009399999999999999,16.79
can you put castor oil in your nose for dryness,2,210,0.0095,5.25
what can i use instead of jojoba oil,2,208,0.0096,4.03
sage hair oil,2,208,0.0096,14.12
what to mix castor oil with,2,200,0.01,5.38
castor oil on the bottom of your feet,2,198,0.0101,3.09
replacement for jojoba oil,2,194,0.0103,3.61
frankincense serrata vs carterii,2,194,0.0103,6.71
castor oil for hearing loss,2,194,0.0103,10.22
can castor oil remove ear wax,2,192,0.0104,8.08
jojoba oil and frankincense,2,192,0.0104,9.44
how to use myrrh oil on face,2,182,0.011000000000000001,6.06
warm castor oil in ear,2,182,0.011000000000000001,6.68
boswellia serrata vs carterii,2,181,0.011000000000000001,8.53
aloe vera and tea tree oil for face,2,178,0.011200000000000002,8.04
caster oil for ear infection,2,174,0.0115,9.53
organic rose water for drinking,2,174,0.0115,12.6
non-comedogenic oils,2,173,0.0116,29.38
benefit of castor oil,2,168,0.011899999999999999,2.43
hbn black seed oil,2,168,0.011899999999999999,6.54
is castor oil cooling,2,164,0.012199999999999999,6.38
can i mix castor oil with mustard oil for hair growth,2,163,0.0123,6.37
organic clove oil,2,159,0.0126,43.84
castor oil benefits for body heat,2,155,0.0129,6.55
how to use chamomile oil for hair,2,150,0.013300000000000001,7.07
tea tree oil and aloe vera for hair,2,147,0.013600000000000001,5.28
caster oil on feet benefits,2,147,0.013600000000000001,6.12
castor oil in feet,2,146,0.0137,5.8
castor oil for sinus infection,2,146,0.0137,8.18
how to use castor oil on face overnight,2,143,0.013999999999999999,1.59
how to dilute castor oil,2,143,0.013999999999999999,5.29
tobacco vanilla essential oil,2,139,0.0144,15.63
sweet almond oil for hair,2,138,0.014499999999999999,2.59
essential oil for blister,2,137,0.0146,7.08
frankincense carteri vs serrata,2,136,0.0147,6.54
is castor oil safe for ears,2,134,0.0149,6.28
where can i buy peppermint oil,2,134,0.0149,9.81
hb oil non oil,2,133,0.015,7.27
castor oil on belly button,2,132,0.0152,24.75
what does castor oil do for feet,2,128,0.015600000000000001,3.01
how to use castor oil on face,2,126,0.0159,2.1
best essential oil brands 2025,2,123,0.0163,8.38
does tea tree oil kill plants,2,121,0.0165,3.74
is castor oil heating or cooling,2,121,0.0165,5.48
patchouli,2,119,0.0168,20.8
use of castor oil,2,117,0.0171,2.32
castor oil in navel benefits,2,115,0.0174,20.61
what to mix with castor oil for skin,2,114,0.0175,4.21
can i use castor oil to remove ear wax,2,111,0.018000000000000002,7.08
coconut oil and castor oil for face,2,111,0.018000000000000002,7.94
uses for castor oil,2,110,0.0182,2.81
benefits of rubbing castor oil on stomach,2,110,0.0182,3.29
can you use castor oil to soften ear wax,2,106,0.0189,6.72
oil on feet at night,2,105,0.019,7.92
alternatives to jojoba oil,2,104,0.0192,4.06
mixing castor oil with coconut oil,2,104,0.0192,4.69
sweet almond oil vs jojoba oil for hair,2,104,0.0192,6.6
coconut and castor oil for skin,2,103,0.0194,6.67
how to make car air freshener with essential oils,2,103,0.0194,14.32
rubbing castor oil on feet at night,2,101,0.019799999999999998,3.5
benefits of caster oil,2,100,0.02,2.24
what essential oil pairs well with eucalyptus,2,98,0.0204,6.26
castor oil uses and benefits,2,95,0.021099999999999997,3.39
essential oils to mix with coconut oil for skin,2,93,0.0215,8.26
jojoba oil alternative for skin,2,92,0.0217,4.47
caster oil for ear pain,2,92,0.0217,8.09
what does putting castor oil on feet do,2,90,0.0222,2.59
castor oil benefits for male,2,90,0.0222,3.33
castor oil mix,2,89,0.0225,6.55
castor oil ear canal,2,89,0.0225,7.47
can we mix castor oil with coconut oil,2,88,0.0227,4.28
can you use castor oil for ear wax removal,2,87,0.023,5.83
what are the benefits of castor oil,2,86,0.0233,2.81
benefits of caster oil on feet,2,84,0.023799999999999998,4.85
aceite de ricino para dolor de oido,2,83,0.0241,4.37
can i mix castor oil and almond oil for face,2,83,0.0241,7.34
castor oil for heat body,2,79,0.0253,6.3
difference between geranium and rose geranium,2,77,0.026000000000000002,6.4
can you mix castor oil with other oils,2,76,0.0263,4.89
tea tree oil plants,2,76,0.0263,11.54
chocolate scent,2,76,0.0263,51.71
castor oil sinus infection,2,73,0.0274,11.95
sandalwood soap recipe,2,71,0.0282,15.77
castor oil for feet pain,2,69,0.028999999999999998,27.84
garlic home fragrance,2,68,0.0294,5.26
castor oil in your ear benefits,2,68,0.0294,6.91
castor and coconut oil mix,2,68,0.0294,7.96
frankincense and jojoba oil recipe,2,67,0.029900000000000003,3.4
can you mix jojoba oil with frankincense,2,67,0.029900000000000003,5.57
is mustard oil and castor oil same,2,66,0.030299999999999997,6.59
best oil to mix with castor oil for face wrinkles,2,65,0.0308,2.85
how to use castor oil for allergies,2,65,0.0308,3.51
difference between geranium and rose geranium essential oil,2,65,0.0308,4.51
castor oil to soften ear wax,2,65,0.0308,6.71
lavender cedarwood essential oil blend,2,65,0.0308,8.98
benefits of castor oil on skin,2,62,0.0323,2.85
how to make frankincense resin oil for skin,2,62,0.0323,5.47
hbno black seed oil reviews,2,57,0.0351,4.35
how to take castor oil to cleanse stomach,2,55,0.0364,2.95
como hacer aceite de incienso casero,2,55,0.0364,3.65
can castor oil be mixed with coconut oil,2,55,0.0364,4.62
castor oil for impacted ear wax,2,53,0.0377,6.25
tea tree oil with aloe vera benefits,2,53,0.0377,8.58
applying castor oil on feet at night,2,51,0.0392,2.49
geranium vs rose geranium essential oil,2,51,0.0392,6.1
पुदीने का तेल कैसे बनाएं,2,50,0.04,9.08
lavender and eucalyptus oil blend recipes,2,49,0.0408,12.12
where do you buy peppermint oil,2,49,0.0408,30.39
benefits of castor oil and cayenne pepper,2,48,0.0417,1.73
jojoba vs coconut oil as carrier oil,2,48,0.0417,5.94
sage for grey hair,2,48,0.0417,12.56
how to make frankincense resin oil,2,47,0.0426,8.47
diy lemongrass mosquito repellent,2,47,0.0426,9.3
can i mix castor oil with almond oil,2,46,0.0435,7.33
witch hazel and peppermint oil bug spray,2,46,0.0435,7.5
pure castor oil,2,44,0.0455,2.27
what does putting castor oil on your feet do,2,44,0.0455,3.66
aceite de ricino sirve para el oido,2,42,0.047599999999999996,3.38
patchouli light vs dark,2,41,0.048799999999999996,3.9
best carrier oil for castor oil on face,2,41,0.048799999999999996,4.83
castor oil cool or heat,2,41,0.048799999999999996,5.34
how to use bergamot essential oil for cholesterol,2,40,0.05,13.85
castor oil nasal congestion,2,39,0.0513,4.31
can i mix castor oil with argan oil,2,39,0.0513,5.72
castor oil tooth infection,2,39,0.0513,9.44
castor oil and turmeric benefits,2,38,0.0526,2.37
what can you mix with castor oil for your face,2,38,0.0526,4.95
essential oils for dogs ear infection,2,38,0.0526,7.61
rubbing castor oil on feet benefits,2,37,0.0541,3.49
how to dilute tea tree oil for dogs ears,2,33,0.060599999999999994,9.39
castor oil with almond oil,2,33,0.060599999999999994,13.88
castor oil with coconut oil benefits,2,32,0.0625,14.31
cara membuat minyak kemenyan,2,30,0.0667,3.8
castor oil for swollen feet,2,30,0.0667,17.27
coconut oil and castor oil together,2,28,0.07139999999999999,5.68
does castor oil have cooling effect,2,25,0.08,3.8
ricino oil,2,24,0.0833,5.92
tea tree oil spider mites,2,24,0.0833,5.96
best non comedogenic oil for face,2,24,0.0833,50.46
uses for peppermint oil around the house,2,23,0.087,6.78
castor oil bottom of feet benefits,2,22,0.0909,1.86
castor oil reduce heat,2,22,0.0909,3.73
homemade lemongrass mosquito repellent,2,21,0.09519999999999999,11.29
what oil to mix with castor oil for face,2,20,0.1,5.3
can we use castor oil and olive oil together,2,19,0.10529999999999999,2.32
what are the benefit of castor oil,2,19,0.10529999999999999,2.37
where to buy cinnamon bark,2,19,0.10529999999999999,39.21
rizinusöl wirkung,2,18,0.11109999999999999,2.72
edgar cayce castor oil,2,18,0.11109999999999999,2.78
castor oil for blisters on feet,2,17,0.1176,7.53
what is castor oil made of,2,16,0.125,2.94
castor oil nz,2,15,0.1333,5.07
peppermint oil near me,2,14,0.1429,2.43
castor oil for sore throat,2,14,0.1429,5.71
jojoba and castor oil mix for face,2,13,0.15380000000000002,5.31
castor oil in nasal passages,2,12,0.16670000000000001,3.5
jojoba oil and peppermint oil for hair,2,12,0.16670000000000001,6.25
is castor oil good for pain,2,11,0.1818,2.45
is castor oil,2,10,0.2,3.4
castor oil with,2,9,0.22219999999999998,2.56
how to mix lemongrass oil with water,2,9,0.22219999999999998,10.11
castor oil and frankincense for face,2,8,0.25,2.0
aloe vera gel with tea tree oil for face,2,8,0.25,9.62
arandi ka tel aur nariyal ka tel,2,7,0.2857,6.14
"health & beauty natural oils co., inc.",2,6,0.3333,1.5
benefits of castor oil in nose,2,6,0.3333,7.5
pfefferminzöl rewe,2,3,0.6667000000000001,2.0
how to use castor oil for back pain,2,2,1.0,3.0
what can castor oil be used for?,2,2,1.0,4.0
oil of oregano benefits,1,20714,0.0,6.13
is sunflower seed oil comedogenic,1,2533,0.0004,9.03
organic helichrysum essential oil,1,1682,0.0006,34.76
prickly pear seed oil,1,1457,0.0007000000000000001,46.04
elemi oil,1,1290,0.0008,30.06
spearmint essential oil,1,1230,0.0008,50.21
turmeric essential oil,1,1195,0.0008,42.24
black seed oil for face,1,1077,0.0009,54.44
almond oil for curly hair,1,1072,0.0009,21.94
black seed oil benefits for hair,1,1051,0.001,59.34
is castor oil good for nails,1,964,0.001,3.57
basil perfume,1,850,0.0012,51.12
non comedogenic oil,1,847,0.0012,43.03
cardamom fragrance,1,789,0.0013,41.93
is sunflower oil non comedogenic,1,774,0.0013,10.87
is cedarwood oil safe for dogs,1,751,0.0013,6.49
which is better coconut oil or jojoba oil for hair,1,741,0.0013,10.18
almond oil vs jojoba oil,1,734,0.0014000000000000002,9.64
black seed oil organic,1,727,0.0014000000000000002,26.99
is orange oil safe for cats,1,695,0.0014000000000000002,8.69
how to make peppermint oil,1,689,0.0015,25.97
does sunflower seed oil clog pores,1,684,0.0015,9.38
bergamot oil benefits,1,674,0.0015,70.37
where to buy clove oil,1,644,0.0016,50.27
lemon perfume,1,642,0.0016,63.99
essential oils for warts,1,639,0.0016,7.61
chamomile oil for hair,1,590,0.0017000000000000001,17.78
olive oil and lemon juice side effects,1,560,0.0018,15.54
is patchouli safe for dogs,1,535,0.0019,11.35
is eucalyptus oil safe for cats,1,530,0.0019,23.34
lemon fragrance,1,522,0.0019,20.58
fenugreek oil for skin,1,522,0.0019,39.23
castor oil for earache,1,520,0.0019,9.62
can i put castor oil in ear,1,491,0.002,8.46
organic sage oil,1,484,0.0021,71.5
organic lavender oil,1,482,0.0021,43.68
can you put caster oil in your ear,1,474,0.0021,7.12
orange oil cooking,1,459,0.0022,8.69
lemon oil for baking,1,451,0.0022,27.37
oil of oregano tooth infection,1,449,0.0022,23.62
organic moringa oil,1,443,0.0023,30.24
german chamomile oil,1,439,0.0023,63.66
juniper berry essential oil benefits,1,438,0.0023,36.23
sunflower seed oil comedogenic,1,432,0.0023,8.03
oil of oregano for warts,1,431,0.0023,8.2
peppermint oil in eyes,1,428,0.0023,10.06
is avocado oil good for salad dressing,1,418,0.0024,9.93
substitute for grapeseed oil,1,373,0.0027,6.05
clary sage benefits,1,373,0.0027,65.61
is castor oil good for ear infection,1,370,0.0027,9.84
tea tree oil for hair side effects,1,366,0.0027,10.64
lemon and olive oil drink,1,359,0.0028000000000000004,1.53
oregano oil wart,1,352,0.0028000000000000004,10.48
aloe vera with tea tree oil,1,345,0.0029,10.35
tea tree oil and aloe vera gel benefits,1,343,0.0029,7.83
coconut oil vs jojoba oil,1,336,0.003,7.97
oregano oil for gum disease,1,335,0.003,23.8
coconut oil vs jojoba oil for hair,1,331,0.003,7.42
does castor oil need a carrier oil,1,326,0.0031,6.13
sage oil for hair,1,325,0.0031,29.06
myrrh oil for skin lightening,1,324,0.0031,7.4
castor oil in ear for infection,1,321,0.0031,9.0
buy bergamot bergaptene free essential oil,1,320,0.0031,49.84
what is safflower oil,1,306,0.0033,1.77
sage for hair,1,302,0.0033,36.34
is castor oil good for ear wax,1,297,0.0034000000000000002,6.33
diy beard oil,1,293,0.0034000000000000002,1.25
olive oil vs coconut oil for hair,1,291,0.0034000000000000002,22.48
essential oils gift set,1,291,0.0034000000000000002,58.24
hb oil,1,290,0.0034000000000000002,10.09
ayiti oil benefits,1,288,0.0034999999999999996,5.94
cedarwood perfume,1,288,0.0034999999999999996,42.6
black sunflower seeds for chickens,1,281,0.0036,14.55
best oregano oil brand,1,277,0.0036,11.43
can i use castor oil for ear infection,1,275,0.0036,9.04
oil of myrrh,1,274,0.0036,24.52
does oregano oil kill warts,1,272,0.0037,14.49
organic prickly pear seed oil,1,272,0.0037,32.68
is castor oil good for dry feet,1,271,0.0037,4.12
how to use oregano oil for warts,1,267,0.0037,7.78
cardamom perfume,1,266,0.0038,74.85
clove oil for bed bugs,1,263,0.0038,9.51
how to make sage oil,1,263,0.0038,17.93
clove oil spiritual benefits,1,262,0.0038,6.7
tea tree,1,259,0.0039000000000000003,71.99
is lemongrass oil safe for dogs,1,258,0.0039000000000000003,18.28
honeysuckle essential oil benefits,1,257,0.0039000000000000003,7.66
can i mix coconut oil with castor oil,1,251,0.004,6.94
organic cinnamon oil,1,249,0.004,60.66
caster oil in ear,1,243,0.0040999999999999995,6.9
can i mix jojoba oil with castor oil,1,242,0.0040999999999999995,6.76
helichrysum roll on,1,241,0.0040999999999999995,8.52
garlic fragrance,1,239,0.0042,5.93
rose water drink,1,235,0.0043,3.42
carrier oils for tea tree oil,1,233,0.0043,5.19
peppermint,1,227,0.0044,1.03
castor oil for cracked heels,1,227,0.0044,8.59
can i mix castor oil and coconut oil,1,225,0.0044,4.37
can you use castor oil in your ear,1,223,0.0045000000000000005,6.7
lemongrass essential oil dogs,1,221,0.0045000000000000005,5.13
castor oil on face overnight benefits,1,221,0.0045000000000000005,11.39
does castor oil help nails grow,1,220,0.0045000000000000005,3.39
what scent goes well with eucalyptus,1,219,0.0046,8.49
peppermint oil bug spray,1,219,0.0046,28.53
castor oil on face,1,217,0.0046,32.96
order black seed oil,1,212,0.004699999999999999,32.98
jojoba oil eyebrows,1,211,0.004699999999999999,6.98
can we put castor oil in ear,1,209,0.0048,8.43
best avocado oil brand,1,208,0.0048,44.07
lemon scent,1,207,0.0048,52.37
is castor oil good for blisters,1,206,0.0049,5.32
olive oil and cinnamon,1,206,0.0049,6.3
sage soap benefits,1,206,0.0049,8.97
jojoba vs coconut oil for hair,1,203,0.0049,9.19
castor oil for itchy ears,1,202,0.005,8.33
mustard oil vs coconut oil for hair,1,201,0.005,12.25
how to use oregano oil for gums,1,200,0.005,7.83
coconut oil vs jojoba oil for skin,1,198,0.0051,7.17
ylang ylang for hair,1,197,0.0051,44.87
does jojoba oil grow eyebrows,1,195,0.0051,5.75
peppermint oil in eye dangerous,1,194,0.0052,10.34
is almond oil good for curly hair,1,193,0.0052,9.47
essential oil for blisters on feet,1,190,0.0053,9.67
tea tree and aloe vera,1,190,0.0053,15.92
oregano for tooth infection,1,190,0.0053,24.25
rose floral water organic,1,189,0.0053,11.99
chamomile hair oil,1,187,0.0053,19.88
lemon perfumes,1,187,0.0053,54.78
how to use sunflower oil,1,185,0.0054,57.01
geranium essential oil safe for dogs,1,184,0.0054,5.73
oregano oil for infected tooth,1,184,0.0054,19.1
castor oil as a carrier oil,1,183,0.0055000000000000005,7.93
cedarwood scent,1,180,0.005600000000000001,40.21
organic rose water for hair,1,179,0.005600000000000001,16.22
almond oil vs jojoba oil for hair,1,177,0.005600000000000001,6.43
best carrier oil for castor oil for hair,1,177,0.005600000000000001,7.03
lemon fragrance perfume,1,177,0.005600000000000001,58.58
lavender and cedarwood,1,174,0.005699999999999999,23.88
top oregano oil brands,1,171,0.0058,8.04
peppermint oil bug spray for skin,1,168,0.006,7.62
applying castor oil on feet,1,167,0.006,7.71
how is frankincense oil made,1,167,0.006,12.3
geranium oil dogs,1,165,0.0060999999999999995,3.84
warts oregano oil,1,165,0.0060999999999999995,11.62
how much peppermint oil to water,1,164,0.0060999999999999995,8.95
cedarwood fragrance oil,1,164,0.0060999999999999995,51.7
how to use clove oil for bed bugs,1,163,0.0060999999999999995,8.07
diy car air freshener,1,163,0.0060999999999999995,40.23
castor oil and ear infection,1,162,0.0062,9.41
castor oil good for ears,1,161,0.0062,8.08
himalayan cedarwood essential oil benefits,1,161,0.0062,19.37
black oils,1,161,0.0062,29.34
how to use myrrh oil,1,160,0.0062,15.44
lemon scented perfume,1,159,0.0063,65.86
what is castor oil made from,1,155,0.006500000000000001,3.0
is almond oil good for eyelashes,1,155,0.006500000000000001,10.37
how to use tea tree oil for insect bites,1,154,0.006500000000000001,35.73
castor oil for congestion,1,153,0.006500000000000001,7.57
what to mix castor oil with for skin,1,152,0.0066,5.79
castor oil inside ear,1,151,0.0066,7.72
oil of oregano best brand,1,147,0.0068000000000000005,10.79
citronella grass vs lemongrass,1,146,0.0068000000000000005,36.42
is castor oil warming or cooling,1,145,0.0069,5.19
hbn products,1,145,0.0069,28.87
top oil of oregano brands,1,141,0.0070999999999999995,8.7
substitute for jojoba oil for skin,1,140,0.0070999999999999995,3.94
100 clove oil,1,140,0.0070999999999999995,20.64
castor oul on feet,1,137,0.0073,3.97
castor oil.on feet,1,137,0.0073,4.42
is castor oil a carrier oil for hair,1,137,0.0073,8.85
safflower oil,1,136,0.0074,6.01
castor oil to clean ears,1,136,0.0074,6.29
oregano oil for plantar warts,1,135,0.0074,8.52
castor oil for ear infections,1,135,0.0074,10.25
castor oil and coconut oil mix,1,134,0.0075,4.87
castor oil for burn blisters,1,134,0.0075,7.19
is caster oil a carrier oil,1,134,0.0075,8.6
lavender and cedarwood essential oil benefits,1,133,0.0075,4.39
essential oils for blisters on hands,1,132,0.0076,5.34
castor oil is hot or cold for body,1,131,0.0076,7.69
castor oil benefits for ears,1,131,0.0076,7.81
will tea tree oil kill plants,1,129,0.0078000000000000005,4.29
castor oil on sinuses,1,129,0.0078000000000000005,6.01
jojoba oil soap,1,129,0.0078000000000000005,26.57
citronella oil vs lemongrass oil,1,127,0.0079,9.78
tea tree oil aloe vera,1,127,0.0079,12.91
jojoba and tea tree oil,1,127,0.0079,14.41
mustard oil vs castor oil,1,126,0.0079,4.94
what is the ratio of peppermint oil to water for bug spray,1,126,0.0079,9.96
tea tree oil on spider bite,1,125,0.008,10.06
can you put castor oil in ears,1,124,0.008100000000000001,5.89
can i mix castor oil with argan oil for face,1,123,0.008100000000000001,5.48
buy peppermint oil,1,123,0.008100000000000001,64.34
himalayan cedarwood oil,1,123,0.008100000000000001,79.46
essential oils for vertigo recipe,1,122,0.008199999999999999,3.43
can i mix almond oil with castor oil for face,1,122,0.008199999999999999,7.23
best brand of oregano oil,1,122,0.008199999999999999,10.34
is tea tree oil bad for plants,1,121,0.0083,3.44
castor oil for rashes,1,121,0.0083,5.26
what to mix with castor oil,1,121,0.0083,6.19
castor oil on ears,1,121,0.0083,6.9
oils similar to jojoba oil,1,120,0.0083,3.98
can you use castor oil in ears,1,120,0.0083,7.21
can you use castor oil for earache,1,120,0.0083,7.63
lemon fragrance oil,1,120,0.0083,62.78
jojoba oil on eyebrows,1,119,0.0084,7.61
citronella fluid,1,119,0.0084,20.18
tea tree oil vs jojoba oil,1,118,0.0085,5.95
jojoba oil with tea tree oil benefits,1,118,0.0085,6.19
how to use myrrh for skin,1,118,0.0085,8.35
sage oil benefits for hair,1,118,0.0085,18.87
himalayan cedarwood,1,118,0.0085,43.42
geranium cologne,1,118,0.0085,50.69
jojoba oil substitute for skin,1,116,0.0086,4.06
castor oil on toes,1,115,0.0087,4.14
castrol oil in ear,1,114,0.0088,6.01
jojoba oil and frankincense for face,1,114,0.0088,7.93
how to dilute castor oil for hair,1,113,0.0088,3.15
is geranium oil toxic to dogs,1,113,0.0088,5.11
geranium essential oil dogs,1,113,0.0088,6.76
can dogs have frankincense,1,112,0.0089,4.52
is castor oil good for nail growth,1,112,0.0089,4.99
best oil to mix with frankincense for face,1,112,0.0089,5.73
can i dilute tea tree oil with aloe vera gel,1,112,0.0089,8.54
organic broccoli seed oil,1,112,0.0089,37.93
black seed oil 16 oz,1,112,0.0089,45.04
tea tree oil for spider mites,1,111,0.009000000000000001,4.91
castor oil and mustard oil mix for hair,1,111,0.009000000000000001,7.05
jojoba oil and tea tree oil mix for face,1,109,0.0092,7.51
can castor oil help ear infection,1,109,0.0092,8.99
evening primrose oil organic,1,108,0.009300000000000001,44.31
can clove oil burn your gums,1,107,0.009300000000000001,13.18
castor oil on nails,1,107,0.009300000000000001,19.44
what blends well with eucalyptus essential oil,1,106,0.009399999999999999,7.18
castor oil for infection,1,106,0.009399999999999999,9.47
castor oil socks,1,106,0.009399999999999999,11.28
chamomile oil benefits for hair,1,105,0.0095,16.65
geraniol oil safe for dogs,1,104,0.0096,6.98
does patchouli repel mosquitoes,1,104,0.0096,10.69
how to make cinnamon oil repellent,1,104,0.0096,11.66
how to use frankincense oil on dogs,1,103,0.0097,6.45
castor oil for dry feet,1,103,0.0097,7.91
fenugreek essential oil benefits,1,103,0.0097,27.49
castor oil for knee pain,1,103,0.0097,40.4
how to use myrrh,1,102,0.0098,3.56
can you use castor oil to remove ear wax,1,102,0.0098,7.8
castor oil sinus,1,102,0.0098,9.03
best brand oil of oregano,1,102,0.0098,9.3
tea tree oil with aloe vera gel,1,102,0.0098,16.89
cedar wood fragrance,1,101,0.009899999999999999,48.68
essential oils for foot odor,1,100,0.01,6.66
how to use citronella oil outside,1,100,0.01,12.45
sage leaves for grey hair,1,99,0.0101,16.99
cedarwood smell,1,99,0.0101,38.16
can i put a drop of castor oil in my ear,1,98,0.0102,7.33
frankincense in jojoba oil,1,98,0.0102,11.41
fenugreek oil organic,1,98,0.0102,17.73
is castor oil good for wrinkles,1,98,0.0102,32.31
lemon scent perfume,1,98,0.0102,63.8
castor oil on heels,1,97,0.0103,1.72
jojoba oil and rosemary oil,1,97,0.0103,14.33
can clove oil burn skin,1,96,0.0104,9.04
cinnamon oil pulling,1,96,0.0104,24.26
where to get peppermint oil,1,96,0.0104,39.46
best brand for oil of oregano,1,95,0.0105,8.65
how to make frankincense oil from resin,1,95,0.0105,10.39
cinnamon oil vs extract,1,93,0.0108,6.11
oregano oil plantar wart,1,93,0.0108,7.44
prickly pear oil organic,1,93,0.0108,29.2
can jojoba oil grow eyebrows,1,92,0.0109,6.01
how to use mct oil on face,1,92,0.0109,12.17
what does castor oil on your feet do,1,91,0.011000000000000001,2.08
can i mix mustard oil with castor oil,1,91,0.011000000000000001,6.24
rosewater organic,1,91,0.011000000000000001,22.87
jojoba oil alternatives,1,90,0.0111,3.32
cloves,1,90,0.0111,5.88
is cedar oil safe for cats,1,90,0.0111,15.06
castor oil on eyelids for sleep,1,90,0.0111,23.58
is it ok to put castor oil in ear,1,89,0.011200000000000002,7.22
does castor oil remove ear wax,1,89,0.011200000000000002,7.69
jojoba oil and tea tree oil mix for hair,1,89,0.011200000000000002,9.26
hbno reviews,1,89,0.011200000000000002,9.97
orange oil safe for cats,1,88,0.011399999999999999,8.95
does tea tree oil kill spider mites,1,87,0.0115,4.92
benefits of castor oil for feet,1,87,0.0115,5.7
difference between frankincense carterii and serrata,1,87,0.0115,7.9
orange oil cats,1,87,0.0115,9.33
castor oil with coconut oil for face,1,86,0.0116,5.34
can peppermint oil damage eyes,1,86,0.0116,11.17
coconut oil and castor oil for hair,1,86,0.0116,33.12
how to use chamomile for hair growth,1,85,0.0118,9.89
jasmine essential oil for skin,1,85,0.0118,36.39
what can i mix castor oil with,1,84,0.011899999999999999,4.57
recipe for peppermint oil bug spray,1,84,0.011899999999999999,6.92
marula oil vs argan oil for hair,1,84,0.011899999999999999,10.35
essential oil for dog ear infection,1,83,0.012,8.45
diy peppermint oil spray,1,83,0.012,17.47
do you need a carrier oil for castor oil,1,82,0.012199999999999999,6.46
caster oil for face,1,82,0.012199999999999999,39.84
castor oil on dry feet,1,81,0.0123,1.42
castor oil for cradle cap,1,81,0.0123,11.35
castor oil in my ear,1,80,0.0125,6.56
tea tree oil and rosemary oil for hair,1,80,0.0125,19.49
jojoba tea tree oil,1,80,0.0125,21.23
how to dilute lemongrass oil for dogs,1,79,0.0127,2.94
castor oil for sinus drainage,1,79,0.0127,11.06
german essential oils,1,79,0.0127,50.04
does black seed oil repel mosquitoes,1,78,0.0128,3.19
peppermint oil and alcohol spray,1,78,0.0128,5.05
mixing castor oil and coconut oil,1,78,0.0128,5.36
how to mix coconut oil and castor oil,1,77,0.013000000000000001,5.25
castor oil massage on feet benefits,1,77,0.013000000000000001,6.45
coconut oil and essential oil,1,77,0.013000000000000001,12.95
jojoba oil and rosemary oil for hair,1,77,0.013000000000000001,14.1
benefits of castor oil for skin,1,76,0.0132,2.32
can cloves kill bed bugs,1,76,0.0132,5.55
castor oil under feet benefits,1,76,0.0132,7.12
ylang ylang essential oil benefits for hair,1,76,0.0132,39.5
is jojoba oil good for skin,1,75,0.013300000000000001,2.84
almond oil or jojoba oil for hair,1,75,0.013300000000000001,6.93
does castor oil soften ear wax,1,75,0.013300000000000001,8.09
black seed oil young living,1,75,0.013300000000000001,36.6
basil scented perfume,1,75,0.013300000000000001,51.36
is geranium essential oil toxic to dogs,1,74,0.013500000000000002,4.74
how to make lemongrass essential oil,1,74,0.013500000000000002,9.42
castor oil on feet before bed,1,73,0.0137,4.78
castor oil cool or hot,1,73,0.0137,8.64
eucalyptus oil organic,1,73,0.0137,44.38
sp hb inc. chico ca,1,72,0.0139,4.07
is citronella bad for dogs,1,72,0.0139,6.1
does castor oil help with blocked nose,1,72,0.0139,6.14
how to make peppermint bug spray,1,72,0.0139,11.0
how to use turmeric essential oil,1,72,0.0139,18.15
how much castor oil and coconut oil to mix,1,71,0.0141,5.76
does castor oil on feet help sleep,1,71,0.0141,6.42
peppermint oil insect repellent recipe,1,71,0.0141,18.21
castor oil for sinus relief,1,70,0.0143,2.14
what is caster oil good for,1,70,0.0143,2.5
does cinnamon oil repel mice,1,70,0.0143,7.66
aloe vera gel and tea tree oil for face,1,70,0.0143,9.93
hb natural black seed oil,1,69,0.014499999999999999,7.12
black seed oil organic benefits,1,69,0.014499999999999999,17.51
coconut vs olive oil for hair,1,69,0.014499999999999999,20.54
neroli essential oil blends well with,1,69,0.014499999999999999,28.14
ylang-ylang,1,69,0.014499999999999999,74.83
caster oil on feet at night,1,68,0.0147,2.54
where to buy organic oregano oil,1,68,0.0147,77.84
can i use tea tree oil with aloe vera gel overnight,1,67,0.0149,8.73
peppermint spray for bugs recipe,1,67,0.0149,9.21
how to use castor oil for sinusitis,1,67,0.0149,17.42
lemongrass essential oils safe for dogs,1,66,0.0152,5.36
castor oil in ear for wax,1,66,0.0152,6.02
best quality oil of oregano,1,66,0.0152,10.85
how to apply castor oil on face for glowing skin,1,65,0.0154,1.51
jojoba oil with frankincense,1,65,0.0154,7.46
best brands of oil of oregano,1,65,0.0154,7.88
coconut and castor oil for face,1,65,0.0154,9.49
himalayan cedarwood essential oil,1,65,0.0154,37.49
where to buy cinnamon oil,1,65,0.0154,59.57
jojoba oil and castor oil mix for face overnight,1,64,0.015600000000000001,6.39
peppermint essential oil spray recipe,1,64,0.015600000000000001,12.61
where can i find citronella oil,1,64,0.015600000000000001,46.48
usda organic black seed oil,1,64,0.015600000000000001,88.23
benefits of applying castor oil on feet,1,63,0.0159,7.44
sweet almond oil vs jojoba,1,63,0.0159,14.67
is castor oil good for cracked feet,1,62,0.0161,1.71
jojoba oil and castor oil,1,62,0.0161,6.9
castor oil.in ear,1,62,0.0161,7.48
grape seed oil substitute,1,62,0.0161,7.56
eucalyptus oil bath,1,62,0.0161,39.9
what essential oils go well with eucalyptus,1,61,0.016399999999999998,6.48
castor oil ear pain,1,61,0.016399999999999998,9.2
does oregano oil get rid of warts,1,60,0.0167,2.48
what happens when you rub castor oil on your feet,1,60,0.0167,3.73
can coconut oil and castor oil be mixed,1,60,0.0167,4.57
can i use castor oil and coconut oil together,1,60,0.0167,4.75
oregano oil on wart,1,60,0.0167,6.35
diffusing essential oils around dogs,1,60,0.0167,15.6
essentialnaturaloils,1,60,0.0167,20.47
can i use tea tree oil and aloe vera together,1,59,0.0169,7.36
does castor oil help cracked heels,1,59,0.0169,8.17
make frankincense oil,1,59,0.0169,9.22
is geranium safe for dogs,1,59,0.0169,12.08
lemon scents,1,59,0.0169,54.68
can we mix castor oil and mustard oil for hair,1,58,0.0172,4.38
which is better jojoba or coconut oil,1,58,0.0172,8.57
peppermint oil spray for bugs recipe,1,58,0.0172,13.24
carrier oils for skin,1,58,0.0172,68.62
how to make frankincense oil for face,1,56,0.0179,8.54
is jojoba oil better than coconut oil,1,55,0.0182,8.75
jojoba oil with rosemary,1,55,0.0182,19.25
eucalyptus oil safe for cats,1,55,0.0182,19.49
camellia oil organic,1,55,0.0182,45.49
can i spray tea tree oil on plants,1,54,0.018500000000000003,2.76
how to use castor oil for cracked heels,1,54,0.018500000000000003,3.17
does castor oil help dry feet,1,54,0.018500000000000003,4.37
frankincense,1,54,0.018500000000000003,5.39
caster oil in belly button,1,54,0.018500000000000003,30.26
juniper berry fragrance oil,1,54,0.018500000000000003,34.46
turkish rose oil,1,54,0.018500000000000003,69.89
mix castor oil with coconut oil,1,53,0.0189,4.43
castor oil sinuses,1,53,0.0189,7.74
fir oil benefits,1,53,0.0189,22.91
chamomile for hair,1,53,0.0189,37.26
almond oil,1,52,0.0192,4.46
castor oil and jojoba oil mix for face,1,52,0.0192,7.46
how to use myrrh essential oil,1,52,0.0192,16.83
lemon cold pressed essential oil,1,52,0.0192,51.69
is castor oil good to put on your feet,1,51,0.0196,2.73
how to use castor oil for neuropathy in feet,1,51,0.0196,5.37
sunflower oil intolerance symptoms,1,51,0.0196,16.37
peppermint oil where to buy,1,51,0.0196,18.37
is it good to mix castor oil with coconut oil,1,50,0.02,4.24
