Service Module,Monthly Price,Service Type,Revenue Impact,ROI Multiple,Attach/Detach,Priority Score
Technical SEO Foundation,1500,Foundation,"$595,921",397.3x,Always Active,10
Performance Analytics,800,Foundation,"$3,000",3.8x,Always Active,9
Shopify Speed Optimization,1800,Performance,"$1,447,460",804.1x,30-day notice,8
Conversion Rate Optimization,3000,Growth,"$38,966",13.0x,Monthly cycles,9
Average Order Value Optimization,2000,Growth,"$17,072",8.5x,Monthly cycles,8
Customer Retention Marketing,2200,Retention,"$2,125",1.0x,Quarterly,9
Advanced SEO Strategy,2500,Growth,"$893,882",357.6x,Quarterly,7
Custom Shopify Development,2800,Development,"$5,000",1.8x,Project-based,6
Customer Lifecycle Analytics,1400,Analytics,"$4,000",2.9x,Always Active,7
